,ofi_multi_L3_AAPL,ofi_int_10s_AAPL
2024-10-21 11:54:36+00:00,0.0,0.0
2024-10-21 11:54:38+00:00,-200.0,-200.0
2024-10-21 11:54:40+00:00,3.0,-197.0
2024-10-21 11:54:50+00:00,0.0,0.0
2024-10-21 11:54:52+00:00,-3.0,-3.0
2024-10-21 11:54:54+00:00,400.0,397.0
2024-10-21 11:54:58+00:00,0.0,397.0
2024-10-21 11:55:08+00:00,-400.0,-400.0
2024-10-21 11:55:12+00:00,400.0,0.0
2024-10-21 11:55:22+00:00,400.0,400.0
2024-10-21 11:55:26+00:00,200.0,600.0
2024-10-21 11:55:30+00:00,-373.0,227.0
2024-10-21 11:55:34+00:00,-29.0,-202.0
2024-10-21 11:55:38+00:00,0.0,-402.0
2024-10-21 11:55:44+00:00,-771.0,-771.0
2024-10-21 11:55:50+00:00,-100.0,-871.0
2024-10-21 11:55:52+00:00,0.0,-871.0
2024-10-21 11:55:54+00:00,-272.0,-372.0
2024-10-21 11:55:58+00:00,0.0,-372.0
2024-10-21 11:56:06+00:00,0.0,0.0
2024-10-21 11:56:10+00:00,226.0,226.0
2024-10-21 11:56:14+00:00,-27.0,199.0
2024-10-21 11:56:16+00:00,0.0,199.0
2024-10-21 11:56:22+00:00,227.0,200.0
2024-10-21 11:56:24+00:00,-200.0,27.0
2024-10-21 11:56:28+00:00,0.0,27.0
2024-10-21 11:56:34+00:00,0.0,0.0
2024-10-21 11:56:42+00:00,300.0,300.0
2024-10-21 11:56:46+00:00,0.0,300.0
2024-10-21 11:56:50+00:00,0.0,300.0
2024-10-21 11:56:54+00:00,0.0,0.0
2024-10-21 11:57:04+00:00,0.0,0.0
2024-10-21 11:57:06+00:00,1.0,1.0
2024-10-21 11:57:14+00:00,29.0,30.0
2024-10-21 11:57:16+00:00,0.0,29.0
2024-10-21 11:57:20+00:00,-80.0,-51.0
2024-10-21 11:57:22+00:00,194.0,143.0
2024-10-21 11:57:24+00:00,199.0,313.0
2024-10-21 11:57:26+00:00,0.0,313.0
2024-10-21 11:57:28+00:00,-400.0,-87.0
2024-10-21 11:57:30+00:00,500.0,493.0
2024-10-21 11:57:36+00:00,-22.0,78.0
2024-10-21 11:57:38+00:00,200.0,678.0
2024-10-21 11:57:40+00:00,400.0,578.0
2024-10-21 11:57:42+00:00,200.0,778.0
2024-10-21 11:57:48+00:00,200.0,800.0
2024-10-21 11:57:50+00:00,0.0,400.0
2024-10-21 11:57:52+00:00,0.0,200.0
2024-10-21 11:57:58+00:00,0.0,0.0
2024-10-21 11:58:06+00:00,0.0,0.0
2024-10-21 11:58:14+00:00,0.0,0.0
2024-10-21 11:58:18+00:00,245.0,245.0
2024-10-21 11:58:20+00:00,-200.0,45.0
2024-10-21 11:58:32+00:00,200.0,200.0
2024-10-21 11:58:36+00:00,0.0,200.0
2024-10-21 11:58:40+00:00,0.0,200.0
2024-10-21 11:58:50+00:00,0.0,0.0
2024-10-21 11:58:52+00:00,50.0,50.0
2024-10-21 11:58:54+00:00,-160.0,-110.0
2024-10-21 11:58:58+00:00,56.0,-54.0
2024-10-21 11:59:00+00:00,-138.0,-192.0
2024-10-21 11:59:02+00:00,200.0,-42.0
2024-10-21 11:59:04+00:00,227.0,345.0
2024-10-21 11:59:22+00:00,-200.0,-200.0
2024-10-21 11:59:24+00:00,0.0,-200.0
2024-10-21 11:59:28+00:00,200.0,0.0
2024-10-21 11:59:30+00:00,-331.0,-331.0
2024-10-21 11:59:32+00:00,-23.0,-154.0
2024-10-21 11:59:40+00:00,-6.0,-29.0
2024-10-21 11:59:44+00:00,200.0,194.0
2024-10-21 11:59:56+00:00,-200.0,-200.0
2024-10-21 11:59:58+00:00,-200.0,-400.0
2024-10-21 12:00:00+00:00,200.0,-200.0
2024-10-21 12:00:02+00:00,-223.0,-423.0
2024-10-21 12:00:04+00:00,0.0,-423.0
2024-10-21 12:00:06+00:00,-508.0,-731.0
2024-10-21 12:00:08+00:00,-26.0,-557.0
2024-10-21 12:00:10+00:00,200.0,-557.0
2024-10-21 12:00:14+00:00,0.0,-334.0
2024-10-21 12:00:16+00:00,200.0,374.0
2024-10-21 12:00:30+00:00,0.0,0.0
2024-10-21 12:00:34+00:00,0.0,0.0
2024-10-21 12:00:40+00:00,-619.0,-619.0
2024-10-21 12:00:50+00:00,206.0,206.0
2024-10-21 12:00:52+00:00,400.0,606.0
2024-10-21 12:00:56+00:00,0.0,606.0
2024-10-21 12:00:58+00:00,-400.0,206.0
2024-10-21 12:01:00+00:00,-200.0,-200.0
2024-10-21 12:01:02+00:00,400.0,-200.0
2024-10-21 12:01:04+00:00,800.0,600.0
2024-10-21 12:01:06+00:00,-400.0,200.0
2024-10-21 12:01:08+00:00,1.0,601.0
2024-10-21 12:01:10+00:00,0.0,801.0
2024-10-21 12:01:12+00:00,0.0,401.0
2024-10-21 12:01:32+00:00,0.0,0.0
2024-10-21 12:01:34+00:00,-200.0,-200.0
2024-10-21 12:01:36+00:00,228.0,28.0
2024-10-21 12:01:42+00:00,200.0,228.0
2024-10-21 12:01:44+00:00,0.0,428.0
2024-10-21 12:01:46+00:00,100.0,300.0
2024-10-21 12:01:48+00:00,0.0,300.0
2024-10-21 12:01:50+00:00,0.0,300.0
2024-10-21 12:01:58+00:00,-99.0,-99.0
2024-10-21 12:02:00+00:00,-200.0,-299.0
2024-10-21 12:02:04+00:00,-201.0,-500.0
2024-10-21 12:02:06+00:00,200.0,-300.0
2024-10-21 12:02:16+00:00,0.0,0.0
2024-10-21 12:02:18+00:00,0.0,0.0
2024-10-21 12:02:30+00:00,0.0,0.0
2024-10-21 12:02:44+00:00,99.0,99.0
2024-10-21 12:02:48+00:00,101.0,200.0
2024-10-21 12:02:54+00:00,-228.0,-127.0
2024-10-21 12:02:56+00:00,0.0,-127.0
2024-10-21 12:02:58+00:00,200.0,-28.0
2024-10-21 12:03:04+00:00,400.0,600.0
2024-10-21 12:03:22+00:00,-400.0,-400.0
2024-10-21 12:03:36+00:00,200.0,200.0
2024-10-21 12:03:38+00:00,1.0,201.0
2024-10-21 12:03:54+00:00,-199.0,-199.0
2024-10-21 12:03:56+00:00,200.0,1.0
2024-10-21 12:04:00+00:00,218.0,219.0
2024-10-21 12:04:04+00:00,0.0,418.0
2024-10-21 12:04:12+00:00,200.0,200.0
2024-10-21 12:04:16+00:00,0.0,200.0
2024-10-21 12:04:18+00:00,0.0,200.0
2024-10-21 12:04:26+00:00,800.0,800.0
2024-10-21 12:04:40+00:00,0.0,0.0
2024-10-21 12:04:46+00:00,3.0,3.0
2024-10-21 12:04:50+00:00,0.0,3.0
2024-10-21 12:04:54+00:00,-400.0,-397.0
2024-10-21 12:05:00+00:00,200.0,-200.0
2024-10-21 12:05:04+00:00,0.0,200.0
2024-10-21 12:05:14+00:00,0.0,0.0
2024-10-21 12:05:18+00:00,0.0,0.0
2024-10-21 12:05:26+00:00,26.0,26.0
2024-10-21 12:05:30+00:00,1200.0,1226.0
2024-10-21 12:05:34+00:00,0.0,1226.0
2024-10-21 12:05:40+00:00,-45.0,-45.0
2024-10-21 12:05:42+00:00,324.0,279.0
2024-10-21 12:05:44+00:00,0.0,279.0
2024-10-21 12:05:46+00:00,-100.0,179.0
2024-10-21 12:05:48+00:00,250.0,429.0
2024-10-21 12:05:52+00:00,0.0,150.0
2024-10-21 12:05:54+00:00,-182.0,-32.0
2024-10-21 12:05:56+00:00,0.0,68.0
2024-10-21 12:06:04+00:00,5.0,5.0
2024-10-21 12:06:06+00:00,-689.0,-684.0
2024-10-21 12:06:08+00:00,200.0,-484.0
2024-10-21 12:06:16+00:00,0.0,200.0
2024-10-21 12:06:18+00:00,195.0,195.0
2024-10-21 12:06:22+00:00,-200.0,-5.0
2024-10-21 12:06:28+00:00,-200.0,-400.0
2024-10-21 12:06:30+00:00,0.0,-400.0
2024-10-21 12:06:38+00:00,-200.0,-200.0
2024-10-21 12:06:46+00:00,200.0,0.0
2024-10-21 12:06:48+00:00,-180.0,20.0
2024-10-21 12:06:50+00:00,-200.0,-180.0
2024-10-21 12:06:52+00:00,200.0,20.0
2024-10-21 12:06:56+00:00,-120.0,-300.0
2024-10-21 12:06:58+00:00,-71.0,-191.0
2024-10-21 12:07:02+00:00,200.0,9.0
2024-10-21 12:07:06+00:00,0.0,129.0
2024-10-21 12:07:20+00:00,-57.0,-57.0
2024-10-21 12:07:24+00:00,-28.0,-85.0
2024-10-21 12:07:30+00:00,229.0,201.0
2024-10-21 12:07:32+00:00,0.0,201.0
2024-10-21 12:07:34+00:00,200.0,429.0
2024-10-21 12:07:50+00:00,256.0,256.0
2024-10-21 12:07:52+00:00,-195.0,61.0
2024-10-21 12:07:54+00:00,24.0,85.0
2024-10-21 12:07:56+00:00,100.0,185.0
2024-10-21 12:07:58+00:00,-150.0,35.0
2024-10-21 12:08:06+00:00,8.0,-142.0
2024-10-21 12:08:10+00:00,62.0,70.0
2024-10-21 12:08:22+00:00,-85.0,-85.0
2024-10-21 12:08:24+00:00,200.0,115.0
2024-10-21 12:08:36+00:00,-201.0,-201.0
2024-10-21 12:08:38+00:00,128.0,-73.0
2024-10-21 12:08:40+00:00,230.0,157.0
2024-10-21 12:08:44+00:00,-86.0,71.0
2024-10-21 12:08:46+00:00,-57.0,215.0
2024-10-21 12:08:56+00:00,0.0,0.0
2024-10-21 12:09:00+00:00,-158.0,-158.0
2024-10-21 12:09:02+00:00,0.0,-158.0
2024-10-21 12:09:04+00:00,0.0,-158.0
2024-10-21 12:09:06+00:00,230.0,72.0
2024-10-21 12:09:10+00:00,10.0,240.0
2024-10-21 12:09:12+00:00,-173.0,67.0
2024-10-21 12:09:14+00:00,-427.0,-360.0
2024-10-21 12:09:18+00:00,200.0,-390.0
2024-10-21 12:09:26+00:00,-200.0,0.0
2024-10-21 12:09:30+00:00,171.0,-29.0
2024-10-21 12:09:32+00:00,-9.0,-38.0
2024-10-21 12:09:36+00:00,200.0,362.0
2024-10-21 12:09:38+00:00,2.0,364.0
2024-10-21 12:09:42+00:00,-190.0,12.0
2024-10-21 12:09:44+00:00,0.0,12.0
2024-10-21 12:09:48+00:00,200.0,10.0
2024-10-21 12:09:52+00:00,200.0,400.0
2024-10-21 12:09:54+00:00,0.0,400.0
2024-10-21 12:09:56+00:00,227.0,627.0
2024-10-21 12:10:00+00:00,200.0,627.0
2024-10-21 12:10:02+00:00,-200.0,227.0
2024-10-21 12:10:12+00:00,-400.0,-400.0
2024-10-21 12:10:20+00:00,-2.0,-402.0
2024-10-21 12:10:22+00:00,0.0,-2.0
2024-10-21 12:10:24+00:00,0.0,-2.0
2024-10-21 12:10:28+00:00,0.0,-2.0
2024-10-21 12:10:32+00:00,0.0,0.0
2024-10-21 12:10:36+00:00,-200.0,-200.0
2024-10-21 12:10:42+00:00,200.0,0.0
2024-10-21 12:10:44+00:00,200.0,200.0
2024-10-21 12:10:50+00:00,200.0,600.0
2024-10-21 12:10:52+00:00,-10.0,390.0
2024-10-21 12:10:54+00:00,-227.0,-37.0
2024-10-21 12:10:56+00:00,-28.0,-65.0
2024-10-21 12:10:58+00:00,30.0,-35.0
2024-10-21 12:11:00+00:00,200.0,-35.0
2024-10-21 12:11:02+00:00,200.0,175.0
2024-10-21 12:11:08+00:00,200.0,600.0
2024-10-21 12:11:10+00:00,-200.0,200.0
2024-10-21 12:11:18+00:00,-200.0,-400.0
2024-10-21 12:11:20+00:00,200.0,0.0
2024-10-21 12:11:22+00:00,-227.0,-227.0
2024-10-21 12:11:24+00:00,0.0,-227.0
2024-10-21 12:11:26+00:00,-1.0,-228.0
2024-10-21 12:11:30+00:00,200.0,-28.0
2024-10-21 12:11:34+00:00,-200.0,-1.0
2024-10-21 12:11:36+00:00,180.0,180.0
2024-10-21 12:11:40+00:00,-200.0,-220.0
2024-10-21 12:11:42+00:00,200.0,-20.0
2024-10-21 12:11:44+00:00,-200.0,-20.0
2024-10-21 12:11:48+00:00,228.0,28.0
2024-10-21 12:11:50+00:00,0.0,228.0
2024-10-21 12:11:52+00:00,-200.0,-172.0
2024-10-21 12:11:56+00:00,200.0,228.0
2024-10-21 12:12:02+00:00,-180.0,20.0
2024-10-21 12:12:08+00:00,0.0,-180.0
2024-10-21 12:12:10+00:00,200.0,20.0
2024-10-21 12:12:22+00:00,-200.0,-200.0
2024-10-21 12:12:24+00:00,200.0,0.0
2024-10-21 12:12:28+00:00,-200.0,-200.0
2024-10-21 12:12:30+00:00,0.0,-200.0
2024-10-21 12:12:40+00:00,200.0,200.0
2024-10-21 12:12:42+00:00,-228.0,-28.0
2024-10-21 12:12:46+00:00,-50.0,-78.0
2024-10-21 12:12:48+00:00,2.0,-76.0
2024-10-21 12:12:50+00:00,-190.0,-466.0
2024-10-21 12:12:52+00:00,27.0,-211.0
2024-10-21 12:12:58+00:00,253.0,90.0
2024-10-21 12:13:10+00:00,-200.0,-200.0
2024-10-21 12:13:20+00:00,-226.0,-226.0
2024-10-21 12:13:22+00:00,400.0,174.0
2024-10-21 12:13:24+00:00,227.0,401.0
2024-10-21 12:13:28+00:00,0.0,401.0
2024-10-21 12:13:32+00:00,-173.0,54.0
2024-10-21 12:13:34+00:00,-27.0,-200.0
2024-10-21 12:13:38+00:00,200.0,0.0
2024-10-21 12:13:42+00:00,2.0,175.0
2024-10-21 12:13:44+00:00,479.0,681.0
2024-10-21 12:13:46+00:00,-424.0,257.0
2024-10-21 12:13:48+00:00,-200.0,-143.0
2024-10-21 12:13:54+00:00,228.0,-396.0
2024-10-21 12:13:56+00:00,173.0,201.0
2024-10-21 12:14:00+00:00,-146.0,255.0
2024-10-21 12:14:06+00:00,-22.0,-168.0
2024-10-21 12:14:10+00:00,200.0,178.0
2024-10-21 12:14:16+00:00,-400.0,-200.0
2024-10-21 12:14:18+00:00,200.0,0.0
2024-10-21 12:14:20+00:00,-127.0,-327.0
2024-10-21 12:14:28+00:00,200.0,73.0
2024-10-21 12:14:36+00:00,-200.0,0.0
2024-10-21 12:14:40+00:00,200.0,0.0
2024-10-21 12:14:42+00:00,173.0,173.0
2024-10-21 12:14:48+00:00,0.0,373.0
2024-10-21 12:14:52+00:00,29.0,29.0
2024-10-21 12:14:58+00:00,200.0,229.0
2024-10-21 12:15:04+00:00,-200.0,0.0
2024-10-21 12:15:08+00:00,0.0,-200.0
2024-10-21 12:15:12+00:00,625.0,425.0
2024-10-21 12:15:14+00:00,100.0,725.0
2024-10-21 12:15:16+00:00,0.0,725.0
2024-10-21 12:15:24+00:00,-124.0,-124.0
2024-10-21 12:15:26+00:00,-400.0,-524.0
2024-10-21 12:15:28+00:00,671.0,147.0
2024-10-21 12:15:38+00:00,-276.0,-276.0
2024-10-21 12:15:40+00:00,-400.0,-676.0
2024-10-21 12:15:42+00:00,-229.0,-905.0
2024-10-21 12:15:46+00:00,-200.0,-1105.0
2024-10-21 12:15:50+00:00,0.0,-429.0
2024-10-21 12:15:54+00:00,201.0,1.0
2024-10-21 12:16:00+00:00,200.0,401.0
2024-10-21 12:16:02+00:00,-203.0,198.0
2024-10-21 12:16:04+00:00,200.0,197.0
2024-10-21 12:16:08+00:00,30.0,227.0
2024-10-21 12:16:10+00:00,229.0,256.0
2024-10-21 12:16:12+00:00,0.0,459.0
2024-10-21 12:16:14+00:00,0.0,259.0
2024-10-21 12:16:20+00:00,0.0,0.0
2024-10-21 12:16:34+00:00,0.0,0.0
2024-10-21 12:16:36+00:00,127.0,127.0
2024-10-21 12:16:40+00:00,-29.0,98.0
2024-10-21 12:16:42+00:00,0.0,98.0
2024-10-21 12:16:44+00:00,18.0,116.0
2024-10-21 12:16:46+00:00,0.0,-11.0
2024-10-21 12:16:48+00:00,-189.0,-200.0
2024-10-21 12:16:50+00:00,168.0,-3.0
2024-10-21 12:16:54+00:00,0.0,-21.0
2024-10-21 12:17:02+00:00,800.0,800.0
2024-10-21 12:17:04+00:00,0.0,800.0
2024-10-21 12:17:06+00:00,0.0,800.0
2024-10-21 12:17:10+00:00,-200.0,600.0
2024-10-21 12:17:16+00:00,200.0,0.0
2024-10-21 12:17:18+00:00,10.0,10.0
2024-10-21 12:17:20+00:00,171.0,381.0
2024-10-21 12:17:22+00:00,21.0,402.0
2024-10-21 12:17:24+00:00,400.0,802.0
2024-10-21 12:17:26+00:00,227.0,829.0
2024-10-21 12:17:30+00:00,-200.0,448.0
2024-10-21 12:17:32+00:00,-198.0,229.0
2024-10-21 12:17:34+00:00,-200.0,-371.0
2024-10-21 12:17:36+00:00,400.0,-198.0
2024-10-21 12:17:38+00:00,171.0,-27.0
2024-10-21 12:17:46+00:00,-340.0,-169.0
2024-10-21 12:17:56+00:00,-235.0,-235.0
2024-10-21 12:17:58+00:00,200.0,-35.0
2024-10-21 12:18:00+00:00,-228.0,-263.0
2024-10-21 12:18:02+00:00,0.0,-263.0
2024-10-21 12:18:04+00:00,0.0,-263.0
2024-10-21 12:18:08+00:00,0.0,-228.0
2024-10-21 12:18:10+00:00,200.0,200.0
2024-10-21 12:18:20+00:00,-8.0,-8.0
2024-10-21 12:18:30+00:00,200.0,200.0
2024-10-21 12:18:38+00:00,-428.0,-228.0
2024-10-21 12:18:40+00:00,230.0,-198.0
2024-10-21 12:18:44+00:00,174.0,-24.0
2024-10-21 12:18:46+00:00,170.0,146.0
2024-10-21 12:18:48+00:00,428.0,1002.0
2024-10-21 12:18:50+00:00,230.0,1002.0
2024-10-21 12:18:52+00:00,0.0,1002.0
2024-10-21 12:19:00+00:00,-173.0,-173.0
2024-10-21 12:19:02+00:00,-227.0,-400.0
2024-10-21 12:19:04+00:00,0.0,-400.0
2024-10-21 12:19:06+00:00,27.0,-373.0
2024-10-21 12:19:08+00:00,0.0,-373.0
2024-10-21 12:19:10+00:00,200.0,0.0
2024-10-21 12:19:14+00:00,0.0,227.0
2024-10-21 12:19:20+00:00,0.0,0.0
2024-10-21 12:19:30+00:00,30.0,30.0
2024-10-21 12:19:34+00:00,-200.0,-170.0
2024-10-21 12:19:38+00:00,0.0,-170.0
2024-10-21 12:19:40+00:00,200.0,0.0
2024-10-21 12:19:42+00:00,-200.0,-200.0
2024-10-21 12:19:44+00:00,-200.0,-200.0
2024-10-21 12:19:56+00:00,200.0,200.0
2024-10-21 12:20:02+00:00,27.0,227.0
2024-10-21 12:20:16+00:00,-200.0,-200.0
2024-10-21 12:20:18+00:00,200.0,0.0
2024-10-21 12:20:26+00:00,200.0,400.0
2024-10-21 12:20:28+00:00,5.0,205.0
2024-10-21 12:20:32+00:00,27.0,232.0
2024-10-21 12:20:34+00:00,0.0,232.0
2024-10-21 12:20:52+00:00,750.0,750.0
2024-10-21 12:20:54+00:00,0.0,750.0
2024-10-21 12:20:56+00:00,-27.0,723.0
2024-10-21 12:21:00+00:00,-230.0,493.0
2024-10-21 12:21:06+00:00,-171.0,-401.0
2024-10-21 12:21:08+00:00,-279.0,-680.0
2024-10-21 12:21:12+00:00,0.0,-450.0
2024-10-21 12:21:16+00:00,-800.0,-1079.0
2024-10-21 12:21:18+00:00,200.0,-600.0
2024-10-21 12:21:20+00:00,0.0,-600.0
2024-10-21 12:21:26+00:00,0.0,200.0
2024-10-21 12:21:28+00:00,400.0,400.0
2024-10-21 12:21:42+00:00,-400.0,-400.0
2024-10-21 12:21:44+00:00,400.0,0.0
2024-10-21 12:21:48+00:00,-226.0,-226.0
2024-10-21 12:21:52+00:00,400.0,574.0
2024-10-21 12:22:00+00:00,200.0,600.0
2024-10-21 12:22:02+00:00,850.0,1050.0
2024-10-21 12:22:08+00:00,-200.0,850.0
2024-10-21 12:22:16+00:00,-572.0,-772.0
2024-10-21 12:22:20+00:00,254.0,-318.0
2024-10-21 12:22:22+00:00,-278.0,-596.0
2024-10-21 12:22:26+00:00,200.0,176.0
2024-10-21 12:22:28+00:00,200.0,376.0
2024-10-21 12:22:36+00:00,26.0,226.0
2024-10-21 12:23:08+00:00,923.0,923.0
2024-10-21 12:23:10+00:00,-323.0,600.0
2024-10-21 12:23:12+00:00,174.0,774.0
2024-10-21 12:23:14+00:00,-200.0,574.0
2024-10-21 12:23:24+00:00,202.0,202.0
2024-10-21 12:23:26+00:00,-4.0,198.0
2024-10-21 12:23:28+00:00,0.0,198.0
2024-10-21 12:23:30+00:00,-200.0,-2.0
2024-10-21 12:23:32+00:00,-200.0,-202.0
2024-10-21 12:23:34+00:00,-900.0,-1304.0
2024-10-21 12:23:36+00:00,300.0,-1000.0
2024-10-21 12:23:38+00:00,30.0,-970.0
2024-10-21 12:23:40+00:00,200.0,-570.0
2024-10-21 12:23:52+00:00,4.0,4.0
2024-10-21 12:23:56+00:00,-540.0,-536.0
2024-10-21 12:23:58+00:00,-158.0,-694.0
2024-10-21 12:24:00+00:00,200.0,-494.0
2024-10-21 12:24:02+00:00,400.0,-98.0
2024-10-21 12:24:12+00:00,-396.0,-396.0
2024-10-21 12:24:14+00:00,29.0,-367.0
2024-10-21 12:24:16+00:00,0.0,-367.0
2024-10-21 12:24:18+00:00,-200.0,-567.0
2024-10-21 12:24:24+00:00,-2.0,-202.0
2024-10-21 12:24:32+00:00,1.0,-1.0
2024-10-21 12:24:36+00:00,-2.0,-1.0
2024-10-21 12:24:40+00:00,-131.0,-132.0
2024-10-21 12:24:42+00:00,-25.0,-158.0
2024-10-21 12:24:54+00:00,52.0,52.0
2024-10-21 12:24:58+00:00,-26.0,26.0
2024-10-21 12:25:00+00:00,-1.0,25.0
2024-10-21 12:25:02+00:00,7.0,32.0
2024-10-21 12:25:06+00:00,0.0,-20.0
2024-10-21 12:25:08+00:00,100.0,106.0
2024-10-21 12:25:10+00:00,-7.0,100.0
2024-10-21 12:25:16+00:00,0.0,93.0
2024-10-21 12:25:24+00:00,400.0,400.0
2024-10-21 12:25:26+00:00,400.0,800.0
2024-10-21 12:25:34+00:00,-442.0,-42.0
2024-10-21 12:25:36+00:00,0.0,-442.0
2024-10-21 12:25:38+00:00,0.0,-442.0
2024-10-21 12:25:42+00:00,0.0,-442.0
2024-10-21 12:25:44+00:00,0.0,0.0
2024-10-21 12:25:52+00:00,0.0,0.0
2024-10-21 12:25:54+00:00,1.0,1.0
2024-10-21 12:26:00+00:00,0.0,1.0
2024-10-21 12:26:02+00:00,-200.0,-199.0
2024-10-21 12:26:04+00:00,114.0,-86.0
2024-10-21 12:26:08+00:00,100.0,14.0
2024-10-21 12:26:10+00:00,-200.0,-186.0
2024-10-21 12:26:12+00:00,0.0,14.0
2024-10-21 12:26:20+00:00,-185.0,-185.0
2024-10-21 12:26:22+00:00,0.0,-185.0
2024-10-21 12:26:24+00:00,385.0,200.0
2024-10-21 12:26:30+00:00,0.0,385.0
2024-10-21 12:26:32+00:00,-69.0,316.0
2024-10-21 12:26:40+00:00,-200.0,-269.0
2024-10-21 12:26:42+00:00,146.0,-54.0
2024-10-21 12:26:44+00:00,-23.0,-77.0
2024-10-21 12:26:46+00:00,0.0,-77.0
2024-10-21 12:26:52+00:00,0.0,-23.0
2024-10-21 12:26:54+00:00,0.0,0.0
2024-10-21 12:27:04+00:00,0.0,0.0
2024-10-21 12:27:08+00:00,-100.0,-100.0
2024-10-21 12:27:14+00:00,0.0,-100.0
2024-10-21 12:27:16+00:00,-23.0,-123.0
2024-10-21 12:27:20+00:00,-100.0,-123.0
2024-10-21 12:27:22+00:00,0.0,-123.0
2024-10-21 12:27:24+00:00,-7.0,-130.0
2024-10-21 12:27:26+00:00,0.0,-107.0
2024-10-21 12:27:28+00:00,186.0,79.0
2024-10-21 12:27:30+00:00,0.0,179.0
2024-10-21 12:27:36+00:00,200.0,386.0
2024-10-21 12:27:38+00:00,300.0,500.0
2024-10-21 12:27:40+00:00,-400.0,100.0
2024-10-21 12:27:46+00:00,200.0,100.0
2024-10-21 12:27:50+00:00,-196.0,4.0
2024-10-21 12:27:52+00:00,0.0,4.0
2024-10-21 12:27:54+00:00,200.0,204.0
2024-10-21 12:27:56+00:00,0.0,4.0
2024-10-21 12:27:58+00:00,-200.0,-196.0
2024-10-21 12:28:12+00:00,-100.0,-100.0
2024-10-21 12:28:14+00:00,7.0,-93.0
2024-10-21 12:28:16+00:00,0.0,-93.0
2024-10-21 12:28:18+00:00,0.0,-93.0
2024-10-21 12:28:20+00:00,-200.0,-293.0
2024-10-21 12:28:32+00:00,200.0,200.0
2024-10-21 12:28:34+00:00,400.0,600.0
2024-10-21 12:28:42+00:00,0.0,400.0
2024-10-21 12:28:44+00:00,0.0,0.0
2024-10-21 12:28:48+00:00,0.0,0.0
2024-10-21 12:28:54+00:00,100.0,100.0
2024-10-21 12:28:56+00:00,100.0,200.0
2024-10-21 12:28:58+00:00,0.0,200.0
2024-10-21 12:29:00+00:00,156.0,356.0
2024-10-21 12:29:04+00:00,-97.0,159.0
2024-10-21 12:29:06+00:00,31.0,90.0
2024-10-21 12:29:08+00:00,10.0,100.0
2024-10-21 12:29:10+00:00,0.0,-56.0
2024-10-21 12:29:12+00:00,-127.0,-183.0
2024-10-21 12:29:14+00:00,0.0,-86.0
2024-10-21 12:29:16+00:00,-200.0,-317.0
2024-10-21 12:29:26+00:00,0.0,0.0
2024-10-21 12:29:48+00:00,-143.0,-143.0
2024-10-21 12:29:50+00:00,-219.0,-362.0
2024-10-21 12:29:54+00:00,362.0,0.0
2024-10-21 12:30:00+00:00,-200.0,162.0
2024-10-21 12:30:08+00:00,200.0,0.0
2024-10-21 12:30:10+00:00,116.0,316.0
2024-10-21 12:30:12+00:00,-14.0,302.0
2024-10-21 12:30:32+00:00,2.0,2.0
2024-10-21 12:30:34+00:00,0.0,2.0
2024-10-21 12:30:36+00:00,398.0,400.0
2024-10-21 12:30:40+00:00,600.0,1000.0
2024-10-21 12:30:42+00:00,-144.0,854.0
2024-10-21 12:30:50+00:00,-29.0,-173.0
2024-10-21 12:30:52+00:00,0.0,-29.0
2024-10-21 12:30:54+00:00,400.0,371.0
2024-10-21 12:30:56+00:00,200.0,571.0
2024-10-21 12:30:58+00:00,200.0,771.0
2024-10-21 12:31:00+00:00,-100.0,700.0
2024-10-21 12:31:02+00:00,200.0,900.0
2024-10-21 12:31:04+00:00,400.0,900.0
2024-10-21 12:31:10+00:00,-168.0,432.0
2024-10-21 12:31:12+00:00,-677.0,-445.0
2024-10-21 12:31:14+00:00,0.0,-845.0
2024-10-21 12:31:16+00:00,10.0,-835.0
2024-10-21 12:31:18+00:00,-255.0,-1090.0
2024-10-21 12:31:20+00:00,-100.0,-1022.0
2024-10-21 12:31:22+00:00,-400.0,-745.0
2024-10-21 12:31:26+00:00,-7.0,-762.0
2024-10-21 12:31:30+00:00,5.0,-402.0
2024-10-21 12:31:32+00:00,-200.0,-202.0
2024-10-21 12:31:36+00:00,0.0,-195.0
2024-10-21 12:31:38+00:00,-400.0,-595.0
2024-10-21 12:31:40+00:00,200.0,-400.0
2024-10-21 12:31:44+00:00,-195.0,-395.0
2024-10-21 12:31:48+00:00,-15.0,-10.0
2024-10-21 12:31:50+00:00,0.0,-210.0
2024-10-21 12:31:52+00:00,200.0,-10.0
2024-10-21 12:31:54+00:00,-193.0,-8.0
2024-10-21 12:32:04+00:00,40.0,40.0
2024-10-21 12:32:06+00:00,-200.0,-160.0
2024-10-21 12:32:08+00:00,200.0,40.0
2024-10-21 12:32:10+00:00,195.0,235.0
2024-10-21 12:32:14+00:00,10.0,205.0
2024-10-21 12:32:18+00:00,-38.0,167.0
2024-10-21 12:32:20+00:00,0.0,-28.0
2024-10-21 12:32:22+00:00,0.0,-28.0
2024-10-21 12:32:26+00:00,-165.0,-203.0
2024-10-21 12:32:34+00:00,301.0,136.0
2024-10-21 12:32:36+00:00,-106.0,195.0
2024-10-21 12:32:38+00:00,400.0,595.0
2024-10-21 12:32:48+00:00,200.0,200.0
2024-10-21 12:32:54+00:00,200.0,400.0
2024-10-21 12:33:00+00:00,5.0,205.0
2024-10-21 12:33:04+00:00,19.0,24.0
2024-10-21 12:33:06+00:00,-64.0,-40.0
2024-10-21 12:33:08+00:00,2.0,-38.0
2024-10-21 12:33:12+00:00,0.0,-43.0
2024-10-21 12:33:14+00:00,400.0,338.0
2024-10-21 12:33:20+00:00,-168.0,232.0
2024-10-21 12:33:22+00:00,0.0,232.0
2024-10-21 12:33:24+00:00,193.0,25.0
2024-10-21 12:33:26+00:00,-232.0,-207.0
2024-10-21 12:33:28+00:00,600.0,393.0
2024-10-21 12:33:36+00:00,-200.0,400.0
2024-10-21 12:33:38+00:00,-1.0,-201.0
2024-10-21 12:33:40+00:00,0.0,-201.0
2024-10-21 12:33:48+00:00,3.0,3.0
2024-10-21 12:33:50+00:00,600.0,603.0
2024-10-21 12:33:52+00:00,-216.0,387.0
2024-10-21 12:33:56+00:00,0.0,387.0
2024-10-21 12:33:58+00:00,-400.0,-16.0
2024-10-21 12:34:02+00:00,-201.0,-601.0
2024-10-21 12:34:04+00:00,-201.0,-802.0
2024-10-21 12:34:06+00:00,-400.0,-1202.0
2024-10-21 12:34:10+00:00,0.0,-802.0
2024-10-21 12:34:12+00:00,207.0,-394.0
2024-10-21 12:34:14+00:00,0.0,-193.0
2024-10-21 12:34:18+00:00,200.0,407.0
2024-10-21 12:34:20+00:00,-200.0,207.0
2024-10-21 12:34:24+00:00,0.0,0.0
2024-10-21 12:34:26+00:00,0.0,0.0
2024-10-21 12:34:28+00:00,7.0,-193.0
2024-10-21 12:34:30+00:00,0.0,7.0
2024-10-21 12:34:32+00:00,193.0,200.0
2024-10-21 12:34:34+00:00,-200.0,0.0
2024-10-21 12:34:36+00:00,200.0,200.0
2024-10-21 12:34:38+00:00,200.0,393.0
2024-10-21 12:34:40+00:00,-100.0,293.0
2024-10-21 12:34:42+00:00,-200.0,-100.0
2024-10-21 12:34:44+00:00,7.0,107.0
2024-10-21 12:34:50+00:00,35.0,-158.0
2024-10-21 12:34:54+00:00,0.0,35.0
2024-10-21 12:34:56+00:00,-207.0,-172.0
2024-10-21 12:35:00+00:00,400.0,193.0
2024-10-21 12:35:04+00:00,0.0,193.0
2024-10-21 12:35:06+00:00,7.0,407.0
2024-10-21 12:35:10+00:00,-35.0,-28.0
2024-10-21 12:35:12+00:00,393.0,365.0
2024-10-21 12:35:18+00:00,0.0,358.0
2024-10-21 12:35:20+00:00,7.0,400.0
2024-10-21 12:35:22+00:00,0.0,7.0
2024-10-21 12:35:24+00:00,293.0,300.0
2024-10-21 12:35:38+00:00,-100.0,-100.0
2024-10-21 12:35:46+00:00,-100.0,-200.0
2024-10-21 12:35:48+00:00,0.0,-100.0
2024-10-21 12:35:50+00:00,-400.0,-500.0
2024-10-21 12:35:54+00:00,104.0,-396.0
2024-10-21 12:35:56+00:00,0.0,-296.0
2024-10-21 12:35:58+00:00,-100.0,-396.0
2024-10-21 12:36:00+00:00,200.0,204.0
2024-10-21 12:36:02+00:00,0.0,204.0
2024-10-21 12:36:06+00:00,-200.0,-100.0
2024-10-21 12:36:08+00:00,-200.0,-200.0
2024-10-21 12:36:10+00:00,4.0,-396.0
2024-10-21 12:36:42+00:00,-200.0,-200.0
2024-10-21 12:36:50+00:00,200.0,0.0
2024-10-21 12:36:52+00:00,100.0,300.0
2024-10-21 12:36:54+00:00,200.0,500.0
2024-10-21 12:36:56+00:00,0.0,500.0
2024-10-21 12:36:58+00:00,401.0,901.0
2024-10-21 12:37:00+00:00,152.0,853.0
2024-10-21 12:37:02+00:00,-200.0,553.0
2024-10-21 12:37:04+00:00,2.0,355.0
2024-10-21 12:37:08+00:00,14.0,-32.0
2024-10-21 12:37:10+00:00,0.0,-184.0
2024-10-21 12:37:16+00:00,0.0,14.0
2024-10-21 12:37:18+00:00,0.0,0.0
2024-10-21 12:37:24+00:00,0.0,0.0
2024-10-21 12:37:26+00:00,0.0,0.0
2024-10-21 12:37:36+00:00,0.0,0.0
2024-10-21 12:37:38+00:00,200.0,200.0
2024-10-21 12:37:42+00:00,-200.0,0.0
2024-10-21 12:37:46+00:00,-50.0,-50.0
2024-10-21 12:37:48+00:00,424.0,174.0
2024-10-21 12:37:50+00:00,0.0,174.0
2024-10-21 12:37:54+00:00,400.0,774.0
2024-10-21 12:37:56+00:00,0.0,824.0
2024-10-21 12:38:00+00:00,-400.0,0.0
2024-10-21 12:38:02+00:00,-480.0,-480.0
2024-10-21 12:38:12+00:00,3.0,3.0
2024-10-21 12:38:18+00:00,0.0,3.0
2024-10-21 12:38:20+00:00,-470.0,-467.0
2024-10-21 12:38:22+00:00,200.0,-270.0
2024-10-21 12:38:24+00:00,0.0,-270.0
2024-10-21 12:38:26+00:00,-200.0,-470.0
2024-10-21 12:38:28+00:00,40.0,-430.0
2024-10-21 12:38:30+00:00,-400.0,-360.0
2024-10-21 12:38:32+00:00,279.0,-281.0
2024-10-21 12:38:34+00:00,-56.0,-337.0
2024-10-21 12:38:36+00:00,-31.0,-168.0
2024-10-21 12:38:38+00:00,200.0,-8.0
2024-10-21 12:38:40+00:00,0.0,392.0
2024-10-21 12:38:52+00:00,12.0,12.0
2024-10-21 12:38:54+00:00,-200.0,-188.0
2024-10-21 12:38:56+00:00,200.0,12.0
2024-10-21 12:39:00+00:00,0.0,12.0
2024-10-21 12:39:04+00:00,59.0,259.0
2024-10-21 12:39:06+00:00,47.0,106.0
2024-10-21 12:39:12+00:00,0.0,106.0
2024-10-21 12:39:16+00:00,-200.0,-200.0
2024-10-21 12:39:18+00:00,200.0,0.0
2024-10-21 12:39:20+00:00,-69.0,-69.0
2024-10-21 12:39:30+00:00,-202.0,-202.0
2024-10-21 12:39:32+00:00,200.0,-2.0
2024-10-21 12:39:34+00:00,200.0,198.0
2024-10-21 12:39:38+00:00,-200.0,-2.0
2024-10-21 12:39:42+00:00,0.0,0.0
2024-10-21 12:40:00+00:00,0.0,0.0
2024-10-21 12:40:02+00:00,-69.0,-69.0
2024-10-21 12:40:06+00:00,6.0,-63.0
2024-10-21 12:40:16+00:00,202.0,202.0
2024-10-21 12:40:20+00:00,0.0,202.0
2024-10-21 12:40:22+00:00,100.0,302.0
2024-10-21 12:40:26+00:00,-100.0,0.0
2024-10-21 12:40:28+00:00,-2.0,-2.0
2024-10-21 12:40:30+00:00,-2.0,-4.0
2024-10-21 12:40:36+00:00,4.0,0.0
2024-10-21 12:40:40+00:00,4.0,8.0
2024-10-21 12:40:42+00:00,100.0,108.0
2024-10-21 12:40:44+00:00,0.0,108.0
2024-10-21 12:40:46+00:00,-100.0,4.0
2024-10-21 12:40:48+00:00,0.0,4.0
2024-10-21 12:40:50+00:00,0.0,0.0
2024-10-21 12:40:52+00:00,0.0,-100.0
2024-10-21 12:40:54+00:00,0.0,-100.0
2024-10-21 12:40:56+00:00,-200.0,-200.0
2024-10-21 12:41:00+00:00,0.0,-200.0
2024-10-21 12:41:02+00:00,95.0,-105.0
2024-10-21 12:41:06+00:00,0.0,95.0
2024-10-21 12:41:24+00:00,200.0,200.0
2024-10-21 12:41:32+00:00,0.0,200.0
2024-10-21 12:41:36+00:00,48.0,48.0
2024-10-21 12:41:38+00:00,-48.0,0.0
2024-10-21 12:41:40+00:00,0.0,0.0
2024-10-21 12:41:44+00:00,0.0,0.0
2024-10-21 12:41:46+00:00,0.0,-48.0
2024-10-21 12:41:48+00:00,154.0,154.0
2024-10-21 12:41:50+00:00,-100.0,54.0
2024-10-21 12:41:54+00:00,0.0,54.0
2024-10-21 12:42:00+00:00,200.0,200.0
2024-10-21 12:42:06+00:00,-100.0,100.0
2024-10-21 12:42:10+00:00,195.0,95.0
2024-10-21 12:42:14+00:00,0.0,95.0
2024-10-21 12:42:16+00:00,0.0,195.0
2024-10-21 12:42:18+00:00,220.0,415.0
2024-10-21 12:42:20+00:00,200.0,420.0
2024-10-21 12:42:22+00:00,100.0,520.0
2024-10-21 12:42:26+00:00,-100.0,420.0
2024-10-21 12:42:30+00:00,-20.0,-20.0
2024-10-21 12:42:36+00:00,-105.0,-125.0
2024-10-21 12:42:38+00:00,0.0,-125.0
2024-10-21 12:42:40+00:00,0.0,-105.0
2024-10-21 12:42:42+00:00,200.0,95.0
2024-10-21 12:43:00+00:00,0.0,0.0
2024-10-21 12:43:02+00:00,200.0,200.0
2024-10-21 12:43:04+00:00,-72.0,128.0
2024-10-21 12:43:06+00:00,200.0,328.0
2024-10-21 12:43:08+00:00,600.0,928.0
2024-10-21 12:43:12+00:00,200.0,928.0
2024-10-21 12:43:18+00:00,200.0,400.0
2024-10-21 12:43:26+00:00,-50.0,150.0
2024-10-21 12:43:28+00:00,400.0,350.0
2024-10-21 12:43:30+00:00,200.0,550.0
2024-10-21 12:43:32+00:00,65.0,615.0
2024-10-21 12:43:48+00:00,-65.0,-65.0
2024-10-21 12:43:54+00:00,0.0,-65.0
2024-10-21 12:43:58+00:00,235.0,235.0
2024-10-21 12:44:00+00:00,-162.0,73.0
2024-10-21 12:44:02+00:00,200.0,273.0
2024-10-21 12:44:10+00:00,-448.0,-248.0
2024-10-21 12:44:22+00:00,1.0,1.0
2024-10-21 12:44:24+00:00,-284.0,-283.0
2024-10-21 12:44:28+00:00,0.0,-283.0
2024-10-21 12:44:36+00:00,92.0,92.0
2024-10-21 12:44:42+00:00,-200.0,-108.0
2024-10-21 12:44:44+00:00,200.0,92.0
2024-10-21 12:44:48+00:00,0.0,0.0
2024-10-21 12:44:56+00:00,-100.0,-100.0
2024-10-21 12:44:58+00:00,-90.0,-190.0
2024-10-21 12:45:00+00:00,276.0,86.0
2024-10-21 12:45:02+00:00,200.0,286.0
2024-10-21 12:45:04+00:00,-185.0,101.0
2024-10-21 12:45:06+00:00,60.0,261.0
2024-10-21 12:45:08+00:00,40.0,391.0
2024-10-21 12:45:10+00:00,0.0,115.0
2024-10-21 12:45:16+00:00,400.0,440.0
2024-10-21 12:45:38+00:00,-200.0,-200.0
2024-10-21 12:45:40+00:00,200.0,0.0
2024-10-21 12:45:42+00:00,-400.0,-400.0
2024-10-21 12:45:46+00:00,0.0,-400.0
2024-10-21 12:46:00+00:00,200.0,200.0
2024-10-21 12:46:10+00:00,-200.0,-200.0
2024-10-21 12:46:12+00:00,-179.0,-379.0
2024-10-21 12:46:16+00:00,0.0,-379.0
2024-10-21 12:46:18+00:00,-21.0,-400.0
2024-10-21 12:46:22+00:00,400.0,379.0
2024-10-21 12:46:24+00:00,0.0,379.0
2024-10-21 12:46:26+00:00,200.0,579.0
2024-10-21 12:46:30+00:00,1.0,601.0
2024-10-21 12:46:36+00:00,602.0,603.0
2024-10-21 12:46:40+00:00,-200.0,402.0
2024-10-21 12:46:42+00:00,0.0,402.0
2024-10-21 12:46:46+00:00,-200.0,-400.0
2024-10-21 12:46:52+00:00,0.0,-200.0
2024-10-21 12:47:00+00:00,0.0,0.0
2024-10-21 12:47:02+00:00,200.0,200.0
2024-10-21 12:47:08+00:00,-466.0,-266.0
2024-10-21 12:47:10+00:00,183.0,-83.0
2024-10-21 12:47:14+00:00,-200.0,-483.0
2024-10-21 12:47:18+00:00,-17.0,-34.0
2024-10-21 12:47:24+00:00,-201.0,-218.0
2024-10-21 12:47:26+00:00,-198.0,-416.0
2024-10-21 12:47:28+00:00,-300.0,-699.0
2024-10-21 12:47:30+00:00,400.0,-299.0
2024-10-21 12:47:34+00:00,-300.0,-398.0
2024-10-21 12:47:36+00:00,0.0,-200.0
2024-10-21 12:47:38+00:00,0.0,100.0
2024-10-21 12:47:40+00:00,200.0,-100.0
2024-10-21 12:48:06+00:00,-400.0,-400.0
2024-10-21 12:48:08+00:00,128.0,-272.0
2024-10-21 12:48:12+00:00,-300.0,-572.0
2024-10-21 12:48:16+00:00,200.0,28.0
2024-10-21 12:48:18+00:00,-172.0,-272.0
2024-10-21 12:48:20+00:00,210.0,-62.0
2024-10-21 12:48:26+00:00,-98.0,-60.0
2024-10-21 12:48:28+00:00,200.0,312.0
2024-10-21 12:48:30+00:00,200.0,302.0
2024-10-21 12:48:32+00:00,-120.0,182.0
2024-10-21 12:48:36+00:00,192.0,472.0
2024-10-21 12:48:38+00:00,-200.0,72.0
2024-10-21 12:48:40+00:00,-600.0,-728.0
2024-10-21 12:48:42+00:00,400.0,-208.0
2024-10-21 12:48:44+00:00,-400.0,-608.0
2024-10-21 12:48:46+00:00,400.0,-400.0
2024-10-21 12:48:58+00:00,100.0,100.0
2024-10-21 12:49:02+00:00,-200.0,-100.0
2024-10-21 12:49:06+00:00,100.0,0.0
2024-10-21 12:49:08+00:00,500.0,400.0
2024-10-21 12:49:10+00:00,12.0,412.0
2024-10-21 12:49:12+00:00,200.0,812.0
2024-10-21 12:49:14+00:00,-200.0,612.0
2024-10-21 12:49:16+00:00,100.0,612.0
2024-10-21 12:49:20+00:00,100.0,200.0
2024-10-21 12:49:26+00:00,400.0,500.0
2024-10-21 12:49:28+00:00,-128.0,372.0
2024-10-21 12:49:30+00:00,100.0,372.0
2024-10-21 12:49:38+00:00,-441.0,-341.0
2024-10-21 12:49:42+00:00,-100.0,-541.0
2024-10-21 12:49:46+00:00,147.0,-394.0
2024-10-21 12:49:48+00:00,-521.0,-474.0
2024-10-21 12:49:58+00:00,-3.0,-3.0
2024-10-21 12:50:00+00:00,-400.0,-403.0
2024-10-21 12:50:02+00:00,0.0,-403.0
2024-10-21 12:50:08+00:00,300.0,-100.0
2024-10-21 12:50:10+00:00,0.0,300.0
2024-10-21 12:50:12+00:00,100.0,400.0
2024-10-21 12:50:14+00:00,-160.0,240.0
2024-10-21 12:50:16+00:00,180.0,420.0
2024-10-21 12:50:18+00:00,194.0,314.0
2024-10-21 12:50:20+00:00,0.0,314.0
2024-10-21 12:50:22+00:00,-100.0,114.0
2024-10-21 12:50:26+00:00,400.0,494.0
2024-10-21 12:50:30+00:00,100.0,400.0
2024-10-21 12:50:36+00:00,-200.0,-100.0
2024-10-21 12:50:44+00:00,200.0,0.0
2024-10-21 12:50:48+00:00,0.0,200.0
2024-10-21 12:50:54+00:00,-100.0,-100.0
2024-10-21 12:50:58+00:00,-100.0,-200.0
2024-10-21 12:51:00+00:00,-100.0,-300.0
2024-10-21 12:51:02+00:00,200.0,-100.0
2024-10-21 12:51:10+00:00,100.0,300.0
2024-10-21 12:51:12+00:00,200.0,300.0
2024-10-21 12:51:16+00:00,-220.0,80.0
2024-10-21 12:51:18+00:00,200.0,280.0
2024-10-21 12:51:22+00:00,-100.0,-120.0
2024-10-21 12:51:24+00:00,300.0,180.0
2024-10-21 12:51:26+00:00,-400.0,0.0
2024-10-21 12:51:32+00:00,100.0,0.0
2024-10-21 12:51:36+00:00,100.0,200.0
2024-10-21 12:51:38+00:00,200.0,400.0
2024-10-21 12:51:40+00:00,-77.0,323.0
2024-10-21 12:51:44+00:00,-44.0,179.0
2024-10-21 12:51:46+00:00,277.0,356.0
2024-10-21 12:51:48+00:00,146.0,302.0
2024-10-21 12:51:52+00:00,-60.0,319.0
2024-10-21 12:51:56+00:00,-200.0,-114.0
2024-10-21 12:52:06+00:00,0.0,0.0
2024-10-21 12:52:14+00:00,200.0,200.0
2024-10-21 12:52:18+00:00,-162.0,38.0
2024-10-21 12:52:20+00:00,4.0,42.0
2024-10-21 12:52:28+00:00,31.0,35.0
2024-10-21 12:52:32+00:00,179.0,210.0
2024-10-21 12:52:40+00:00,0.0,179.0
2024-10-21 12:52:52+00:00,28.0,28.0
2024-10-21 12:52:54+00:00,-143.0,-115.0
2024-10-21 12:52:56+00:00,106.0,-9.0
2024-10-21 12:52:58+00:00,400.0,391.0
2024-10-21 12:53:00+00:00,-12.0,379.0
2024-10-21 12:53:02+00:00,400.0,751.0
2024-10-21 12:53:10+00:00,-400.0,0.0
2024-10-21 12:53:26+00:00,99.0,99.0
2024-10-21 12:53:28+00:00,-200.0,-101.0
2024-10-21 12:53:34+00:00,-200.0,-301.0
2024-10-21 12:53:38+00:00,-100.0,-300.0
2024-10-21 12:53:42+00:00,-192.0,-492.0
2024-10-21 12:53:58+00:00,-200.0,-200.0
2024-10-21 12:54:00+00:00,400.0,200.0
2024-10-21 12:54:04+00:00,-11.0,189.0
2024-10-21 12:54:14+00:00,1.0,1.0
2024-10-21 12:54:22+00:00,10.0,11.0
2024-10-21 12:54:28+00:00,200.0,210.0
2024-10-21 12:54:32+00:00,3.0,203.0
2024-10-21 12:54:40+00:00,225.0,228.0
2024-10-21 12:54:42+00:00,200.0,425.0
2024-10-21 12:54:54+00:00,-221.0,-221.0
2024-10-21 12:54:56+00:00,25.0,-196.0
2024-10-21 12:54:58+00:00,-4.0,-200.0
2024-10-21 12:55:04+00:00,375.0,396.0
2024-10-21 12:55:06+00:00,-477.0,-106.0
2024-10-21 12:55:08+00:00,-11.0,-113.0
2024-10-21 12:55:12+00:00,400.0,287.0
2024-10-21 12:55:14+00:00,-211.0,-299.0
2024-10-21 12:55:16+00:00,200.0,378.0
2024-10-21 12:55:20+00:00,200.0,589.0
2024-10-21 12:55:22+00:00,-11.0,178.0
2024-10-21 12:55:24+00:00,200.0,589.0
2024-10-21 12:55:26+00:00,0.0,389.0
2024-10-21 12:55:36+00:00,-200.0,-200.0
2024-10-21 12:55:42+00:00,0.0,-200.0
2024-10-21 12:55:44+00:00,0.0,-200.0
2024-10-21 12:55:48+00:00,91.0,91.0
2024-10-21 12:55:50+00:00,21.0,112.0
2024-10-21 12:56:02+00:00,200.0,200.0
2024-10-21 12:56:06+00:00,200.0,400.0
2024-10-21 12:56:08+00:00,0.0,400.0
2024-10-21 12:56:22+00:00,-80.0,-80.0
2024-10-21 12:56:28+00:00,-9.0,-89.0
2024-10-21 12:56:42+00:00,-25.0,-25.0
2024-10-21 12:56:48+00:00,558.0,533.0
2024-10-21 12:56:52+00:00,-200.0,358.0
2024-10-21 12:56:54+00:00,418.0,776.0
2024-10-21 12:56:56+00:00,-194.0,582.0
2024-10-21 12:57:02+00:00,-9.0,215.0
2024-10-21 12:57:06+00:00,0.0,-9.0
2024-10-21 12:57:10+00:00,0.0,-9.0
2024-10-21 12:57:28+00:00,-200.0,-200.0
2024-10-21 12:57:30+00:00,200.0,0.0
2024-10-21 12:57:32+00:00,0.0,0.0
2024-10-21 12:57:34+00:00,0.0,0.0
2024-10-21 12:57:36+00:00,22.0,22.0
2024-10-21 12:57:42+00:00,200.0,222.0
2024-10-21 12:57:48+00:00,0.0,200.0
2024-10-21 12:58:02+00:00,394.0,394.0
2024-10-21 12:58:04+00:00,98.0,492.0
2024-10-21 12:58:06+00:00,198.0,690.0
2024-10-21 12:58:10+00:00,-740.0,-50.0
2024-10-21 12:58:12+00:00,-9.0,-453.0
2024-10-21 12:58:14+00:00,-200.0,-751.0
2024-10-21 12:58:16+00:00,200.0,-749.0
2024-10-21 12:58:20+00:00,0.0,-9.0
2024-10-21 12:58:24+00:00,300.0,500.0
2024-10-21 12:58:38+00:00,205.0,205.0
2024-10-21 12:58:44+00:00,200.0,405.0
2024-10-21 12:58:52+00:00,-200.0,0.0
2024-10-21 12:58:54+00:00,5.0,-195.0
2024-10-21 12:58:56+00:00,395.0,200.0
2024-10-21 12:58:58+00:00,-98.0,102.0
2024-10-21 12:59:00+00:00,0.0,102.0
2024-10-21 12:59:02+00:00,0.0,302.0
2024-10-21 12:59:18+00:00,-195.0,-195.0
2024-10-21 12:59:28+00:00,198.0,198.0
2024-10-21 12:59:34+00:00,-5.0,193.0
2024-10-21 12:59:40+00:00,151.0,146.0
2024-10-21 12:59:58+00:00,0.0,0.0
2024-10-21 13:00:00+00:00,-200.0,-200.0
2024-10-21 13:00:02+00:00,-200.0,-400.0
2024-10-21 13:00:04+00:00,0.0,-400.0
2024-10-21 13:00:06+00:00,-200.0,-600.0
2024-10-21 13:00:08+00:00,400.0,-200.0
2024-10-21 13:00:12+00:00,-400.0,-200.0
2024-10-21 13:00:20+00:00,0.0,-400.0
2024-10-21 13:00:22+00:00,684.0,684.0
2024-10-21 13:00:24+00:00,-98.0,586.0
2024-10-21 13:00:36+00:00,202.0,202.0
2024-10-21 13:00:38+00:00,-98.0,104.0
2024-10-21 13:00:40+00:00,-400.0,-296.0
2024-10-21 13:00:46+00:00,-54.0,-552.0
2024-10-21 13:00:48+00:00,-100.0,-554.0
2024-10-21 13:00:54+00:00,0.0,-154.0
2024-10-21 13:00:58+00:00,0.0,0.0
2024-10-21 13:01:00+00:00,0.0,0.0
2024-10-21 13:01:02+00:00,400.0,400.0
2024-10-21 13:01:04+00:00,98.0,498.0
2024-10-21 13:01:06+00:00,-100.0,398.0
2024-10-21 13:01:08+00:00,0.0,398.0
2024-10-21 13:01:12+00:00,-119.0,-121.0
2024-10-21 13:01:14+00:00,281.0,62.0
2024-10-21 13:01:22+00:00,400.0,681.0
2024-10-21 13:01:30+00:00,0.0,400.0
2024-10-21 13:01:36+00:00,-400.0,-400.0
2024-10-21 13:01:38+00:00,0.0,-400.0
2024-10-21 13:01:40+00:00,0.0,-400.0
2024-10-21 13:01:42+00:00,200.0,-200.0
2024-10-21 13:01:44+00:00,-300.0,-500.0
2024-10-21 13:01:46+00:00,-200.0,-300.0
2024-10-21 13:01:52+00:00,-5.0,-505.0
2024-10-21 13:01:54+00:00,100.0,-105.0
2024-10-21 13:01:56+00:00,-81.0,14.0
2024-10-21 13:01:58+00:00,0.0,14.0
2024-10-21 13:02:00+00:00,176.0,190.0
2024-10-21 13:02:02+00:00,-100.0,95.0
2024-10-21 13:02:04+00:00,-599.0,-604.0
2024-10-21 13:02:06+00:00,-401.0,-924.0
2024-10-21 13:02:12+00:00,300.0,-700.0
2024-10-21 13:02:14+00:00,-99.0,-200.0
2024-10-21 13:02:16+00:00,399.0,600.0
2024-10-21 13:02:18+00:00,-398.0,202.0
2024-10-21 13:02:20+00:00,500.0,702.0
2024-10-21 13:02:22+00:00,-195.0,207.0
2024-10-21 13:02:26+00:00,394.0,301.0
2024-10-21 13:02:28+00:00,-100.0,599.0
2024-10-21 13:02:38+00:00,29.0,29.0
2024-10-21 13:02:40+00:00,-232.0,-203.0
2024-10-21 13:02:42+00:00,-300.0,-503.0
2024-10-21 13:02:44+00:00,-2.0,-505.0
2024-10-21 13:02:54+00:00,300.0,300.0
2024-10-21 13:02:56+00:00,2.0,302.0
2024-10-21 13:03:00+00:00,0.0,302.0
2024-10-21 13:03:04+00:00,400.0,402.0
2024-10-21 13:03:06+00:00,204.0,604.0
2024-10-21 13:03:08+00:00,200.0,804.0
2024-10-21 13:03:10+00:00,-102.0,702.0
2024-10-21 13:03:12+00:00,-102.0,600.0
2024-10-21 13:03:14+00:00,86.0,286.0
2024-10-21 13:03:20+00:00,20.0,4.0
2024-10-21 13:03:22+00:00,-78.0,28.0
2024-10-21 13:03:24+00:00,200.0,142.0
2024-10-21 13:03:36+00:00,14.0,14.0
2024-10-21 13:03:40+00:00,-14.0,0.0
2024-10-21 13:03:44+00:00,200.0,200.0
2024-10-21 13:03:48+00:00,-144.0,42.0
2024-10-21 13:03:52+00:00,0.0,56.0
2024-10-21 13:03:58+00:00,16.0,16.0
2024-10-21 13:04:00+00:00,0.0,16.0
2024-10-21 13:04:02+00:00,-180.0,-164.0
2024-10-21 13:04:06+00:00,200.0,36.0
2024-10-21 13:04:12+00:00,-200.0,0.0
2024-10-21 13:04:16+00:00,203.0,3.0
2024-10-21 13:04:20+00:00,14.0,17.0
