,ofi_best_AAPL,ofi_int_10s_AAPL
2024-10-21 11:54:36+00:00,0.0,0.0
2024-10-21 11:54:37+00:00,0.0,0.0
2024-10-21 11:54:39+00:00,-200.0,-200.0
2024-10-21 11:54:41+00:00,3.0,-197.0
2024-10-21 11:54:50+00:00,0.0,3.0
2024-10-21 11:54:53+00:00,-3.0,-3.0
2024-10-21 11:54:55+00:00,0.0,-3.0
2024-10-21 11:54:58+00:00,0.0,-3.0
2024-10-21 11:55:09+00:00,0.0,0.0
2024-10-21 11:55:13+00:00,0.0,0.0
2024-10-21 11:55:22+00:00,0.0,0.0
2024-10-21 11:55:26+00:00,200.0,200.0
2024-10-21 11:55:30+00:00,0.0,200.0
2024-10-21 11:55:31+00:00,0.0,200.0
2024-10-21 11:55:34+00:00,137.0,337.0
2024-10-21 11:55:35+00:00,-139.0,198.0
2024-10-21 11:55:38+00:00,-200.0,-202.0
2024-10-21 11:55:44+00:00,-371.0,-710.0
2024-10-21 11:55:51+00:00,100.0,-271.0
2024-10-21 11:55:53+00:00,0.0,-271.0
2024-10-21 11:55:54+00:00,-72.0,28.0
2024-10-21 11:55:55+00:00,-200.0,-172.0
2024-10-21 11:55:58+00:00,0.0,-172.0
2024-10-21 11:56:07+00:00,0.0,0.0
2024-10-21 11:56:10+00:00,0.0,0.0
2024-10-21 11:56:11+00:00,26.0,26.0
2024-10-21 11:56:14+00:00,0.0,26.0
2024-10-21 11:56:15+00:00,0.0,26.0
2024-10-21 11:56:17+00:00,0.0,26.0
2024-10-21 11:56:23+00:00,27.0,27.0
2024-10-21 11:56:24+00:00,0.0,27.0
2024-10-21 11:56:25+00:00,0.0,27.0
2024-10-21 11:56:29+00:00,0.0,27.0
2024-10-21 11:56:34+00:00,0.0,0.0
2024-10-21 11:56:42+00:00,0.0,0.0
2024-10-21 11:56:43+00:00,100.0,100.0
2024-10-21 11:56:47+00:00,0.0,100.0
2024-10-21 11:56:51+00:00,0.0,100.0
2024-10-21 11:56:55+00:00,0.0,0.0
2024-10-21 11:57:04+00:00,0.0,0.0
2024-10-21 11:57:06+00:00,1.0,1.0
2024-10-21 11:57:14+00:00,0.0,1.0
2024-10-21 11:57:15+00:00,0.0,1.0
2024-10-21 11:57:17+00:00,0.0,0.0
2024-10-21 11:57:20+00:00,-80.0,-80.0
2024-10-21 11:57:23+00:00,23.0,-57.0
2024-10-21 11:57:25+00:00,-1.0,-58.0
2024-10-21 11:57:26+00:00,0.0,-58.0
2024-10-21 11:57:28+00:00,0.0,-58.0
2024-10-21 11:57:29+00:00,0.0,-58.0
2024-10-21 11:57:30+00:00,0.0,22.0
2024-10-21 11:57:31+00:00,0.0,22.0
2024-10-21 11:57:36+00:00,-23.0,-23.0
2024-10-21 11:57:37+00:00,1.0,-22.0
2024-10-21 11:57:38+00:00,0.0,-22.0
2024-10-21 11:57:40+00:00,0.0,-22.0
2024-10-21 11:57:41+00:00,0.0,-22.0
2024-10-21 11:57:42+00:00,0.0,-22.0
2024-10-21 11:57:48+00:00,0.0,0.0
2024-10-21 11:57:51+00:00,0.0,0.0
2024-10-21 11:57:52+00:00,0.0,0.0
2024-10-21 11:57:58+00:00,0.0,0.0
2024-10-21 11:58:06+00:00,0.0,0.0
2024-10-21 11:58:14+00:00,0.0,0.0
2024-10-21 11:58:18+00:00,45.0,45.0
2024-10-21 11:58:19+00:00,0.0,45.0
2024-10-21 11:58:21+00:00,0.0,45.0
2024-10-21 11:58:32+00:00,0.0,0.0
2024-10-21 11:58:37+00:00,0.0,0.0
2024-10-21 11:58:40+00:00,0.0,0.0
2024-10-21 11:58:50+00:00,0.0,0.0
2024-10-21 11:58:53+00:00,-90.0,-90.0
2024-10-21 11:58:54+00:00,-60.0,-150.0
2024-10-21 11:58:58+00:00,60.0,-90.0
2024-10-21 11:58:59+00:00,-100.0,-190.0
2024-10-21 11:59:00+00:00,0.0,-190.0
2024-10-21 11:59:01+00:00,0.0,-190.0
2024-10-21 11:59:02+00:00,0.0,-190.0
2024-10-21 11:59:05+00:00,0.0,-40.0
2024-10-21 11:59:22+00:00,0.0,0.0
2024-10-21 11:59:24+00:00,0.0,0.0
2024-10-21 11:59:29+00:00,0.0,0.0
2024-10-21 11:59:30+00:00,-177.0,-177.0
2024-10-21 11:59:33+00:00,0.0,-177.0
2024-10-21 11:59:40+00:00,-6.0,-6.0
2024-10-21 11:59:44+00:00,0.0,-6.0
2024-10-21 11:59:56+00:00,0.0,0.0
2024-10-21 11:59:57+00:00,0.0,0.0
2024-10-21 11:59:58+00:00,0.0,0.0
2024-10-21 12:00:01+00:00,0.0,0.0
2024-10-21 12:00:02+00:00,0.0,0.0
2024-10-21 12:00:03+00:00,0.0,0.0
2024-10-21 12:00:04+00:00,0.0,0.0
2024-10-21 12:00:06+00:00,0.0,0.0
2024-10-21 12:00:07+00:00,18.0,18.0
2024-10-21 12:00:08+00:00,0.0,18.0
2024-10-21 12:00:11+00:00,0.0,18.0
2024-10-21 12:00:14+00:00,0.0,18.0
2024-10-21 12:00:15+00:00,0.0,18.0
2024-10-21 12:00:16+00:00,0.0,18.0
2024-10-21 12:00:30+00:00,0.0,0.0
2024-10-21 12:00:31+00:00,0.0,0.0
2024-10-21 12:00:34+00:00,0.0,0.0
2024-10-21 12:00:35+00:00,0.0,0.0
2024-10-21 12:00:40+00:00,0.0,0.0
2024-10-21 12:00:51+00:00,-20.0,-20.0
2024-10-21 12:00:52+00:00,0.0,-20.0
2024-10-21 12:00:53+00:00,0.0,-20.0
2024-10-21 12:00:57+00:00,0.0,-20.0
2024-10-21 12:00:58+00:00,0.0,-20.0
2024-10-21 12:01:00+00:00,0.0,-20.0
2024-10-21 12:01:01+00:00,0.0,0.0
2024-10-21 12:01:02+00:00,0.0,0.0
2024-10-21 12:01:04+00:00,0.0,0.0
2024-10-21 12:01:05+00:00,0.0,0.0
2024-10-21 12:01:06+00:00,0.0,0.0
2024-10-21 12:01:07+00:00,0.0,0.0
2024-10-21 12:01:09+00:00,1.0,1.0
2024-10-21 12:01:11+00:00,0.0,1.0
2024-10-21 12:01:13+00:00,0.0,1.0
2024-10-21 12:01:33+00:00,0.0,0.0
2024-10-21 12:01:35+00:00,0.0,0.0
2024-10-21 12:01:36+00:00,199.0,199.0
2024-10-21 12:01:37+00:00,200.0,399.0
2024-10-21 12:01:42+00:00,0.0,399.0
2024-10-21 12:01:44+00:00,0.0,399.0
2024-10-21 12:01:46+00:00,100.0,300.0
2024-10-21 12:01:48+00:00,0.0,100.0
2024-10-21 12:01:50+00:00,0.0,100.0
2024-10-21 12:01:59+00:00,-99.0,-99.0
2024-10-21 12:02:01+00:00,-200.0,-299.0
2024-10-21 12:02:05+00:00,-1.0,-300.0
2024-10-21 12:02:07+00:00,200.0,-100.0
2024-10-21 12:02:17+00:00,0.0,0.0
2024-10-21 12:02:18+00:00,0.0,0.0
2024-10-21 12:02:30+00:00,0.0,0.0
2024-10-21 12:02:44+00:00,99.0,99.0
2024-10-21 12:02:48+00:00,-99.0,0.0
2024-10-21 12:02:49+00:00,0.0,0.0
2024-10-21 12:02:54+00:00,-200.0,-299.0
2024-10-21 12:02:56+00:00,200.0,-99.0
2024-10-21 12:02:58+00:00,0.0,0.0
2024-10-21 12:02:59+00:00,0.0,0.0
2024-10-21 12:03:04+00:00,0.0,200.0
2024-10-21 12:03:23+00:00,0.0,0.0
2024-10-21 12:03:36+00:00,200.0,200.0
2024-10-21 12:03:37+00:00,0.0,200.0
2024-10-21 12:03:38+00:00,1.0,201.0
2024-10-21 12:03:55+00:00,-200.0,-200.0
2024-10-21 12:03:56+00:00,0.0,-200.0
2024-10-21 12:04:00+00:00,0.0,-200.0
2024-10-21 12:04:01+00:00,0.0,-200.0
2024-10-21 12:04:05+00:00,0.0,0.0
2024-10-21 12:04:12+00:00,0.0,0.0
2024-10-21 12:04:16+00:00,0.0,0.0
2024-10-21 12:04:19+00:00,0.0,0.0
2024-10-21 12:04:26+00:00,0.0,0.0
2024-10-21 12:04:27+00:00,0.0,0.0
2024-10-21 12:04:40+00:00,0.0,0.0
2024-10-21 12:04:47+00:00,3.0,3.0
2024-10-21 12:04:51+00:00,0.0,3.0
2024-10-21 12:04:54+00:00,0.0,3.0
2024-10-21 12:05:01+00:00,0.0,0.0
2024-10-21 12:05:05+00:00,0.0,0.0
2024-10-21 12:05:15+00:00,0.0,0.0
2024-10-21 12:05:18+00:00,0.0,0.0
2024-10-21 12:05:27+00:00,13.0,13.0
2024-10-21 12:05:30+00:00,1200.0,1213.0
2024-10-21 12:05:35+00:00,0.0,1213.0
2024-10-21 12:05:40+00:00,323.0,323.0
2024-10-21 12:05:41+00:00,-200.0,123.0
2024-10-21 12:05:43+00:00,124.0,247.0
2024-10-21 12:05:45+00:00,0.0,247.0
2024-10-21 12:05:46+00:00,-200.0,47.0
2024-10-21 12:05:47+00:00,0.0,47.0
2024-10-21 12:05:48+00:00,-50.0,-3.0
2024-10-21 12:05:49+00:00,0.0,-3.0
2024-10-21 12:05:52+00:00,0.0,-126.0
2024-10-21 12:05:55+00:00,0.0,-250.0
2024-10-21 12:05:57+00:00,0.0,-50.0
2024-10-21 12:06:05+00:00,5.0,5.0
2024-10-21 12:06:06+00:00,0.0,5.0
2024-10-21 12:06:07+00:00,-100.0,-95.0
2024-10-21 12:06:08+00:00,0.0,-95.0
2024-10-21 12:06:17+00:00,0.0,0.0
2024-10-21 12:06:18+00:00,-5.0,-5.0
2024-10-21 12:06:19+00:00,0.0,-5.0
2024-10-21 12:06:22+00:00,0.0,-5.0
2024-10-21 12:06:29+00:00,0.0,0.0
2024-10-21 12:06:31+00:00,0.0,0.0
2024-10-21 12:06:39+00:00,-200.0,-200.0
2024-10-21 12:06:46+00:00,0.0,-200.0
2024-10-21 12:06:48+00:00,20.0,-180.0
2024-10-21 12:06:49+00:00,0.0,20.0
2024-10-21 12:06:51+00:00,0.0,20.0
2024-10-21 12:06:53+00:00,0.0,20.0
2024-10-21 12:06:56+00:00,80.0,100.0
2024-10-21 12:06:57+00:00,0.0,100.0
2024-10-21 12:06:59+00:00,-100.0,-20.0
2024-10-21 12:07:03+00:00,200.0,180.0
2024-10-21 12:07:06+00:00,0.0,100.0
2024-10-21 12:07:21+00:00,0.0,0.0
2024-10-21 12:07:24+00:00,172.0,172.0
2024-10-21 12:07:31+00:00,200.0,372.0
2024-10-21 12:07:32+00:00,0.0,372.0
2024-10-21 12:07:33+00:00,-200.0,172.0
2024-10-21 12:07:34+00:00,200.0,200.0
2024-10-21 12:07:51+00:00,28.0,28.0
2024-10-21 12:07:52+00:00,5.0,33.0
2024-10-21 12:07:53+00:00,0.0,33.0
2024-10-21 12:07:54+00:00,-5.0,28.0
2024-10-21 12:07:57+00:00,100.0,128.0
2024-10-21 12:07:58+00:00,-150.0,-22.0
2024-10-21 12:08:07+00:00,-50.0,-200.0
2024-10-21 12:08:11+00:00,62.0,12.0
2024-10-21 12:08:22+00:00,-56.0,-56.0
2024-10-21 12:08:25+00:00,200.0,144.0
2024-10-21 12:08:36+00:00,200.0,200.0
2024-10-21 12:08:37+00:00,-200.0,0.0
2024-10-21 12:08:38+00:00,-100.0,-100.0
2024-10-21 12:08:39+00:00,200.0,100.0
2024-10-21 12:08:41+00:00,200.0,300.0
2024-10-21 12:08:44+00:00,-43.0,257.0
2024-10-21 12:08:45+00:00,0.0,257.0
2024-10-21 12:08:46+00:00,-57.0,0.0
2024-10-21 12:08:56+00:00,0.0,0.0
2024-10-21 12:09:01+00:00,-1.0,-1.0
2024-10-21 12:09:02+00:00,0.0,-1.0
2024-10-21 12:09:04+00:00,200.0,199.0
2024-10-21 12:09:06+00:00,200.0,399.0
2024-10-21 12:09:10+00:00,10.0,409.0
2024-10-21 12:09:12+00:00,0.0,410.0
2024-10-21 12:09:13+00:00,0.0,410.0
2024-10-21 12:09:14+00:00,0.0,210.0
2024-10-21 12:09:15+00:00,0.0,210.0
2024-10-21 12:09:18+00:00,0.0,10.0
2024-10-21 12:09:26+00:00,0.0,0.0
2024-10-21 12:09:30+00:00,0.0,0.0
2024-10-21 12:09:32+00:00,-9.0,-9.0
2024-10-21 12:09:37+00:00,0.0,-9.0
2024-10-21 12:09:38+00:00,2.0,-7.0
2024-10-21 12:09:42+00:00,0.0,2.0
2024-10-21 12:09:43+00:00,0.0,2.0
2024-10-21 12:09:45+00:00,0.0,2.0
2024-10-21 12:09:48+00:00,0.0,0.0
2024-10-21 12:09:49+00:00,0.0,0.0
2024-10-21 12:09:53+00:00,0.0,0.0
2024-10-21 12:09:54+00:00,0.0,0.0
2024-10-21 12:09:57+00:00,0.0,0.0
2024-10-21 12:10:01+00:00,0.0,0.0
2024-10-21 12:10:02+00:00,0.0,0.0
2024-10-21 12:10:03+00:00,0.0,0.0
2024-10-21 12:10:12+00:00,0.0,0.0
2024-10-21 12:10:13+00:00,0.0,0.0
2024-10-21 12:10:20+00:00,-2.0,-2.0
2024-10-21 12:10:23+00:00,0.0,-2.0
2024-10-21 12:10:24+00:00,0.0,-2.0
2024-10-21 12:10:29+00:00,0.0,-2.0
2024-10-21 12:10:32+00:00,0.0,0.0
2024-10-21 12:10:36+00:00,0.0,0.0
2024-10-21 12:10:42+00:00,0.0,0.0
2024-10-21 12:10:43+00:00,0.0,0.0
2024-10-21 12:10:45+00:00,0.0,0.0
2024-10-21 12:10:50+00:00,0.0,0.0
2024-10-21 12:10:52+00:00,0.0,0.0
2024-10-21 12:10:53+00:00,0.0,0.0
2024-10-21 12:10:54+00:00,0.0,0.0
2024-10-21 12:10:57+00:00,0.0,0.0
2024-10-21 12:10:59+00:00,0.0,0.0
2024-10-21 12:11:00+00:00,0.0,0.0
2024-10-21 12:11:02+00:00,0.0,0.0
2024-10-21 12:11:08+00:00,0.0,0.0
2024-10-21 12:11:10+00:00,0.0,0.0
2024-10-21 12:11:11+00:00,0.0,0.0
2024-10-21 12:11:18+00:00,0.0,0.0
2024-10-21 12:11:21+00:00,0.0,0.0
2024-10-21 12:11:22+00:00,0.0,0.0
2024-10-21 12:11:23+00:00,0.0,0.0
2024-10-21 12:11:25+00:00,0.0,0.0
2024-10-21 12:11:27+00:00,0.0,0.0
2024-10-21 12:11:30+00:00,0.0,0.0
2024-10-21 12:11:34+00:00,0.0,0.0
2024-10-21 12:11:36+00:00,-20.0,-20.0
2024-10-21 12:11:37+00:00,0.0,-20.0
2024-10-21 12:11:40+00:00,0.0,-20.0
2024-10-21 12:11:43+00:00,0.0,-20.0
2024-10-21 12:11:45+00:00,0.0,-20.0
2024-10-21 12:11:48+00:00,0.0,0.0
2024-10-21 12:11:50+00:00,0.0,0.0
2024-10-21 12:11:53+00:00,0.0,0.0
2024-10-21 12:11:56+00:00,0.0,0.0
2024-10-21 12:12:02+00:00,20.0,20.0
2024-10-21 12:12:08+00:00,0.0,20.0
2024-10-21 12:12:09+00:00,0.0,20.0
2024-10-21 12:12:10+00:00,0.0,20.0
2024-10-21 12:12:22+00:00,0.0,0.0
2024-10-21 12:12:25+00:00,0.0,0.0
2024-10-21 12:12:28+00:00,0.0,0.0
2024-10-21 12:12:31+00:00,0.0,0.0
2024-10-21 12:12:41+00:00,0.0,0.0
2024-10-21 12:12:43+00:00,0.0,0.0
2024-10-21 12:12:46+00:00,0.0,0.0
2024-10-21 12:12:47+00:00,-20.0,-20.0
2024-10-21 12:12:48+00:00,15.0,-5.0
2024-10-21 12:12:49+00:00,-200.0,-205.0
2024-10-21 12:12:50+00:00,200.0,-5.0
2024-10-21 12:12:51+00:00,0.0,-5.0
2024-10-21 12:12:52+00:00,0.0,-5.0
2024-10-21 12:12:53+00:00,0.0,-5.0
2024-10-21 12:12:59+00:00,200.0,400.0
2024-10-21 12:13:11+00:00,0.0,0.0
2024-10-21 12:13:21+00:00,0.0,0.0
2024-10-21 12:13:22+00:00,0.0,0.0
2024-10-21 12:13:25+00:00,200.0,200.0
2024-10-21 12:13:29+00:00,0.0,200.0
2024-10-21 12:13:32+00:00,200.0,400.0
2024-10-21 12:13:34+00:00,100.0,500.0
2024-10-21 12:13:35+00:00,-100.0,200.0
2024-10-21 12:13:38+00:00,200.0,400.0
2024-10-21 12:13:42+00:00,0.0,200.0
2024-10-21 12:13:45+00:00,8.0,208.0
2024-10-21 12:13:46+00:00,-224.0,-16.0
2024-10-21 12:13:47+00:00,0.0,-16.0
2024-10-21 12:13:48+00:00,0.0,-216.0
2024-10-21 12:13:54+00:00,0.0,-216.0
2024-10-21 12:13:55+00:00,0.0,-224.0
2024-10-21 12:13:56+00:00,-27.0,-27.0
2024-10-21 12:14:01+00:00,-173.0,-200.0
2024-10-21 12:14:06+00:00,5.0,-168.0
2024-10-21 12:14:07+00:00,0.0,-168.0
2024-10-21 12:14:10+00:00,0.0,-168.0
2024-10-21 12:14:17+00:00,0.0,0.0
2024-10-21 12:14:18+00:00,0.0,0.0
2024-10-21 12:14:21+00:00,0.0,0.0
2024-10-21 12:14:28+00:00,0.0,0.0
2024-10-21 12:14:37+00:00,0.0,0.0
2024-10-21 12:14:41+00:00,0.0,0.0
2024-10-21 12:14:43+00:00,0.0,0.0
2024-10-21 12:14:49+00:00,0.0,0.0
2024-10-21 12:14:52+00:00,0.0,0.0
2024-10-21 12:14:53+00:00,0.0,0.0
2024-10-21 12:14:59+00:00,0.0,0.0
2024-10-21 12:15:05+00:00,0.0,0.0
2024-10-21 12:15:08+00:00,0.0,0.0
2024-10-21 12:15:12+00:00,200.0,200.0
2024-10-21 12:15:13+00:00,0.0,200.0
2024-10-21 12:15:14+00:00,0.0,200.0
2024-10-21 12:15:15+00:00,0.0,200.0
2024-10-21 12:15:17+00:00,0.0,200.0
2024-10-21 12:15:24+00:00,0.0,0.0
2024-10-21 12:15:27+00:00,0.0,0.0
2024-10-21 12:15:29+00:00,33.0,33.0
2024-10-21 12:15:38+00:00,-38.0,-5.0
2024-10-21 12:15:39+00:00,200.0,162.0
2024-10-21 12:15:40+00:00,0.0,162.0
2024-10-21 12:15:43+00:00,-600.0,-438.0
2024-10-21 12:15:46+00:00,-200.0,-638.0
2024-10-21 12:15:50+00:00,0.0,-800.0
2024-10-21 12:15:55+00:00,200.0,0.0
2024-10-21 12:16:00+00:00,200.0,400.0
2024-10-21 12:16:02+00:00,-200.0,200.0
2024-10-21 12:16:04+00:00,200.0,400.0
2024-10-21 12:16:08+00:00,-200.0,0.0
2024-10-21 12:16:09+00:00,0.0,0.0
2024-10-21 12:16:10+00:00,200.0,0.0
2024-10-21 12:16:12+00:00,-200.0,0.0
2024-10-21 12:16:13+00:00,200.0,200.0
2024-10-21 12:16:14+00:00,0.0,0.0
2024-10-21 12:16:20+00:00,0.0,0.0
2024-10-21 12:16:34+00:00,0.0,0.0
2024-10-21 12:16:35+00:00,0.0,0.0
2024-10-21 12:16:36+00:00,0.0,0.0
2024-10-21 12:16:37+00:00,0.0,0.0
2024-10-21 12:16:41+00:00,0.0,0.0
2024-10-21 12:16:42+00:00,0.0,0.0
2024-10-21 12:16:44+00:00,18.0,18.0
2024-10-21 12:16:47+00:00,0.0,18.0
2024-10-21 12:16:48+00:00,0.0,18.0
2024-10-21 12:16:49+00:00,-18.0,0.0
2024-10-21 12:16:50+00:00,-200.0,-200.0
2024-10-21 12:16:51+00:00,141.0,-59.0
2024-10-21 12:16:54+00:00,0.0,-77.0
2024-10-21 12:17:02+00:00,400.0,400.0
2024-10-21 12:17:04+00:00,0.0,400.0
2024-10-21 12:17:06+00:00,0.0,400.0
2024-10-21 12:17:07+00:00,0.0,400.0
2024-10-21 12:17:10+00:00,0.0,400.0
2024-10-21 12:17:16+00:00,0.0,0.0
2024-10-21 12:17:18+00:00,10.0,10.0
2024-10-21 12:17:20+00:00,-200.0,-190.0
2024-10-21 12:17:21+00:00,0.0,-190.0
2024-10-21 12:17:22+00:00,50.0,-140.0
2024-10-21 12:17:24+00:00,0.0,-140.0
2024-10-21 12:17:26+00:00,0.0,-140.0
2024-10-21 12:17:30+00:00,0.0,50.0
2024-10-21 12:17:33+00:00,0.0,0.0
2024-10-21 12:17:35+00:00,0.0,0.0
2024-10-21 12:17:37+00:00,0.0,0.0
2024-10-21 12:17:38+00:00,0.0,0.0
2024-10-21 12:17:39+00:00,0.0,0.0
2024-10-21 12:17:47+00:00,25.0,25.0
2024-10-21 12:17:57+00:00,0.0,0.0
2024-10-21 12:17:58+00:00,0.0,0.0
2024-10-21 12:18:00+00:00,0.0,0.0
2024-10-21 12:18:01+00:00,0.0,0.0
2024-10-21 12:18:02+00:00,0.0,0.0
2024-10-21 12:18:03+00:00,0.0,0.0
2024-10-21 12:18:04+00:00,0.0,0.0
2024-10-21 12:18:05+00:00,0.0,0.0
2024-10-21 12:18:08+00:00,0.0,0.0
2024-10-21 12:18:10+00:00,0.0,0.0
2024-10-21 12:18:11+00:00,0.0,0.0
2024-10-21 12:18:20+00:00,-35.0,-35.0
2024-10-21 12:18:30+00:00,200.0,200.0
2024-10-21 12:18:38+00:00,-200.0,0.0
2024-10-21 12:18:40+00:00,0.0,-200.0
2024-10-21 12:18:41+00:00,200.0,0.0
2024-10-21 12:18:44+00:00,200.0,200.0
2024-10-21 12:18:47+00:00,200.0,400.0
2024-10-21 12:18:48+00:00,0.0,600.0
2024-10-21 12:18:49+00:00,0.0,600.0
2024-10-21 12:18:51+00:00,0.0,400.0
2024-10-21 12:18:53+00:00,0.0,400.0
2024-10-21 12:19:00+00:00,-200.0,-200.0
2024-10-21 12:19:02+00:00,0.0,-200.0
2024-10-21 12:19:05+00:00,0.0,-200.0
2024-10-21 12:19:06+00:00,200.0,0.0
2024-10-21 12:19:07+00:00,0.0,0.0
2024-10-21 12:19:08+00:00,0.0,0.0
2024-10-21 12:19:10+00:00,0.0,200.0
2024-10-21 12:19:14+00:00,0.0,200.0
2024-10-21 12:19:21+00:00,0.0,0.0
2024-10-21 12:19:31+00:00,-200.0,-200.0
2024-10-21 12:19:35+00:00,0.0,-200.0
2024-10-21 12:19:38+00:00,0.0,-200.0
2024-10-21 12:19:40+00:00,0.0,-200.0
2024-10-21 12:19:42+00:00,0.0,0.0
2024-10-21 12:19:45+00:00,-200.0,-200.0
2024-10-21 12:19:57+00:00,200.0,200.0
2024-10-21 12:20:02+00:00,-200.0,0.0
2024-10-21 12:20:17+00:00,0.0,0.0
2024-10-21 12:20:18+00:00,200.0,200.0
2024-10-21 12:20:26+00:00,0.0,200.0
2024-10-21 12:20:29+00:00,5.0,5.0
2024-10-21 12:20:32+00:00,0.0,5.0
2024-10-21 12:20:33+00:00,200.0,205.0
2024-10-21 12:20:34+00:00,0.0,205.0
2024-10-21 12:20:53+00:00,750.0,750.0
2024-10-21 12:20:54+00:00,-200.0,550.0
2024-10-21 12:20:56+00:00,0.0,550.0
2024-10-21 12:21:00+00:00,0.0,550.0
2024-10-21 12:21:01+00:00,-200.0,350.0
2024-10-21 12:21:06+00:00,0.0,-200.0
2024-10-21 12:21:07+00:00,0.0,-200.0
2024-10-21 12:21:08+00:00,-650.0,-850.0
2024-10-21 12:21:09+00:00,0.0,-850.0
2024-10-21 12:21:13+00:00,0.0,-650.0
2024-10-21 12:21:16+00:00,0.0,-650.0
2024-10-21 12:21:17+00:00,0.0,-650.0
2024-10-21 12:21:18+00:00,0.0,0.0
2024-10-21 12:21:21+00:00,0.0,0.0
2024-10-21 12:21:26+00:00,0.0,0.0
2024-10-21 12:21:28+00:00,0.0,0.0
2024-10-21 12:21:29+00:00,0.0,0.0
2024-10-21 12:21:43+00:00,0.0,0.0
2024-10-21 12:21:45+00:00,0.0,0.0
2024-10-21 12:21:48+00:00,0.0,0.0
2024-10-21 12:21:49+00:00,0.0,0.0
2024-10-21 12:21:53+00:00,0.0,0.0
2024-10-21 12:22:01+00:00,0.0,0.0
2024-10-21 12:22:03+00:00,650.0,650.0
2024-10-21 12:22:09+00:00,0.0,650.0
2024-10-21 12:22:16+00:00,0.0,0.0
2024-10-21 12:22:20+00:00,0.0,0.0
2024-10-21 12:22:21+00:00,0.0,0.0
2024-10-21 12:22:22+00:00,0.0,0.0
2024-10-21 12:22:23+00:00,-52.0,-52.0
2024-10-21 12:22:26+00:00,0.0,-52.0
2024-10-21 12:22:29+00:00,0.0,-52.0
2024-10-21 12:22:36+00:00,0.0,0.0
2024-10-21 12:23:09+00:00,723.0,723.0
2024-10-21 12:23:11+00:00,-323.0,400.0
2024-10-21 12:23:12+00:00,0.0,400.0
2024-10-21 12:23:13+00:00,0.0,400.0
2024-10-21 12:23:14+00:00,0.0,400.0
2024-10-21 12:23:24+00:00,0.0,0.0
2024-10-21 12:23:25+00:00,0.0,0.0
2024-10-21 12:23:26+00:00,0.0,0.0
2024-10-21 12:23:29+00:00,0.0,0.0
2024-10-21 12:23:31+00:00,0.0,0.0
2024-10-21 12:23:33+00:00,0.0,0.0
2024-10-21 12:23:34+00:00,0.0,0.0
2024-10-21 12:23:35+00:00,-400.0,-400.0
2024-10-21 12:23:36+00:00,0.0,-400.0
2024-10-21 12:23:37+00:00,0.0,-400.0
2024-10-21 12:23:39+00:00,0.0,-400.0
2024-10-21 12:23:40+00:00,0.0,-400.0
2024-10-21 12:23:53+00:00,4.0,4.0
2024-10-21 12:23:56+00:00,-70.0,-66.0
2024-10-21 12:23:59+00:00,0.0,-66.0
2024-10-21 12:24:00+00:00,0.0,-66.0
2024-10-21 12:24:02+00:00,0.0,-66.0
2024-10-21 12:24:03+00:00,0.0,-70.0
2024-10-21 12:24:12+00:00,6.0,6.0
2024-10-21 12:24:13+00:00,0.0,6.0
2024-10-21 12:24:15+00:00,0.0,6.0
2024-10-21 12:24:17+00:00,0.0,6.0
2024-10-21 12:24:18+00:00,-200.0,-194.0
2024-10-21 12:24:25+00:00,0.0,-200.0
2024-10-21 12:24:33+00:00,0.0,0.0
2024-10-21 12:24:37+00:00,0.0,0.0
2024-10-21 12:24:40+00:00,-104.0,-104.0
2024-10-21 12:24:43+00:00,1.0,-103.0
2024-10-21 12:24:55+00:00,26.0,26.0
2024-10-21 12:24:58+00:00,-26.0,0.0
2024-10-21 12:25:00+00:00,-1.0,-1.0
2024-10-21 12:25:03+00:00,0.0,-1.0
2024-10-21 12:25:07+00:00,0.0,-27.0
2024-10-21 12:25:08+00:00,100.0,99.0
2024-10-21 12:25:09+00:00,0.0,99.0
2024-10-21 12:25:10+00:00,0.0,100.0
2024-10-21 12:25:16+00:00,0.0,100.0
2024-10-21 12:25:25+00:00,0.0,0.0
2024-10-21 12:25:26+00:00,0.0,0.0
2024-10-21 12:25:34+00:00,4.0,4.0
2024-10-21 12:25:35+00:00,-42.0,-38.0
2024-10-21 12:25:37+00:00,0.0,-38.0
2024-10-21 12:25:39+00:00,0.0,-38.0
2024-10-21 12:25:43+00:00,0.0,-38.0
2024-10-21 12:25:45+00:00,0.0,0.0
2024-10-21 12:25:52+00:00,0.0,0.0
2024-10-21 12:25:54+00:00,0.0,0.0
2024-10-21 12:26:00+00:00,0.0,0.0
2024-10-21 12:26:01+00:00,0.0,0.0
2024-10-21 12:26:02+00:00,0.0,0.0
2024-10-21 12:26:05+00:00,-79.0,-79.0
2024-10-21 12:26:08+00:00,0.0,-79.0
2024-10-21 12:26:09+00:00,0.0,-79.0
2024-10-21 12:26:11+00:00,0.0,-79.0
2024-10-21 12:26:13+00:00,0.0,-79.0
2024-10-21 12:26:20+00:00,0.0,0.0
2024-10-21 12:26:22+00:00,0.0,0.0
2024-10-21 12:26:23+00:00,0.0,0.0
2024-10-21 12:26:24+00:00,0.0,0.0
2024-10-21 12:26:25+00:00,0.0,0.0
2024-10-21 12:26:31+00:00,0.0,0.0
2024-10-21 12:26:32+00:00,-69.0,-69.0
2024-10-21 12:26:33+00:00,0.0,-69.0
2024-10-21 12:26:40+00:00,0.0,-69.0
2024-10-21 12:26:42+00:00,0.0,0.0
2024-10-21 12:26:43+00:00,23.0,23.0
2024-10-21 12:26:44+00:00,0.0,23.0
2024-10-21 12:26:47+00:00,0.0,23.0
2024-10-21 12:26:53+00:00,0.0,0.0
2024-10-21 12:26:54+00:00,0.0,0.0
2024-10-21 12:27:04+00:00,0.0,0.0
2024-10-21 12:27:08+00:00,0.0,0.0
2024-10-21 12:27:15+00:00,0.0,0.0
2024-10-21 12:27:16+00:00,-23.0,-23.0
2024-10-21 12:27:17+00:00,-121.0,-144.0
2024-10-21 12:27:21+00:00,0.0,-144.0
2024-10-21 12:27:22+00:00,0.0,-144.0
2024-10-21 12:27:23+00:00,0.0,-144.0
2024-10-21 12:27:24+00:00,-7.0,-151.0
2024-10-21 12:27:25+00:00,0.0,-151.0
2024-10-21 12:27:26+00:00,0.0,-128.0
2024-10-21 12:27:28+00:00,0.0,-7.0
2024-10-21 12:27:29+00:00,193.0,186.0
2024-10-21 12:27:30+00:00,0.0,186.0
2024-10-21 12:27:37+00:00,0.0,193.0
2024-10-21 12:27:39+00:00,0.0,0.0
2024-10-21 12:27:40+00:00,0.0,0.0
2024-10-21 12:27:41+00:00,0.0,0.0
2024-10-21 12:27:46+00:00,0.0,0.0
2024-10-21 12:27:47+00:00,0.0,0.0
2024-10-21 12:27:50+00:00,4.0,4.0
2024-10-21 12:27:51+00:00,0.0,4.0
2024-10-21 12:27:52+00:00,100.0,104.0
2024-10-21 12:27:53+00:00,0.0,104.0
2024-10-21 12:27:55+00:00,0.0,104.0
2024-10-21 12:27:57+00:00,0.0,104.0
2024-10-21 12:27:59+00:00,0.0,104.0
2024-10-21 12:28:13+00:00,-100.0,-100.0
2024-10-21 12:28:15+00:00,0.0,-100.0
2024-10-21 12:28:16+00:00,0.0,-100.0
2024-10-21 12:28:18+00:00,0.0,-100.0
2024-10-21 12:28:21+00:00,0.0,-100.0
2024-10-21 12:28:32+00:00,0.0,0.0
2024-10-21 12:28:35+00:00,0.0,0.0
2024-10-21 12:28:42+00:00,0.0,0.0
2024-10-21 12:28:45+00:00,0.0,0.0
2024-10-21 12:28:48+00:00,0.0,0.0
2024-10-21 12:28:55+00:00,100.0,100.0
2024-10-21 12:28:56+00:00,0.0,100.0
2024-10-21 12:28:57+00:00,-100.0,0.0
2024-10-21 12:28:58+00:00,200.0,200.0
2024-10-21 12:29:01+00:00,0.0,200.0
2024-10-21 12:29:04+00:00,-97.0,103.0
2024-10-21 12:29:07+00:00,57.0,160.0
2024-10-21 12:29:08+00:00,-30.0,-70.0
2024-10-21 12:29:09+00:00,77.0,7.0
2024-10-21 12:29:11+00:00,0.0,7.0
2024-10-21 12:29:12+00:00,0.0,7.0
2024-10-21 12:29:14+00:00,0.0,104.0
2024-10-21 12:29:16+00:00,0.0,104.0
2024-10-21 12:29:26+00:00,0.0,0.0
2024-10-21 12:29:49+00:00,19.0,19.0
2024-10-21 12:29:50+00:00,0.0,19.0
2024-10-21 12:29:51+00:00,-19.0,0.0
2024-10-21 12:29:54+00:00,0.0,0.0
2024-10-21 12:29:55+00:00,200.0,200.0
2024-10-21 12:30:01+00:00,0.0,200.0
2024-10-21 12:30:09+00:00,0.0,0.0
2024-10-21 12:30:10+00:00,300.0,300.0
2024-10-21 12:30:11+00:00,0.0,300.0
2024-10-21 12:30:12+00:00,0.0,300.0
2024-10-21 12:30:13+00:00,0.0,300.0
2024-10-21 12:30:33+00:00,2.0,2.0
2024-10-21 12:30:34+00:00,0.0,2.0
2024-10-21 12:30:35+00:00,0.0,2.0
2024-10-21 12:30:36+00:00,0.0,2.0
2024-10-21 12:30:37+00:00,-2.0,0.0
2024-10-21 12:30:40+00:00,200.0,200.0
2024-10-21 12:30:41+00:00,0.0,200.0
2024-10-21 12:30:42+00:00,0.0,200.0
2024-10-21 12:30:43+00:00,2.0,200.0
2024-10-21 12:30:51+00:00,-2.0,0.0
2024-10-21 12:30:53+00:00,7.0,5.0
2024-10-21 12:30:54+00:00,0.0,5.0
2024-10-21 12:30:57+00:00,0.0,5.0
2024-10-21 12:30:59+00:00,0.0,5.0
2024-10-21 12:31:00+00:00,-7.0,-2.0
2024-10-21 12:31:01+00:00,100.0,100.0
2024-10-21 12:31:02+00:00,7.0,107.0
2024-10-21 12:31:03+00:00,0.0,100.0
2024-10-21 12:31:05+00:00,0.0,100.0
2024-10-21 12:31:10+00:00,77.0,184.0
2024-10-21 12:31:12+00:00,-77.0,0.0
2024-10-21 12:31:13+00:00,0.0,0.0
2024-10-21 12:31:15+00:00,0.0,0.0
2024-10-21 12:31:16+00:00,10.0,10.0
2024-10-21 12:31:18+00:00,0.0,10.0
2024-10-21 12:31:19+00:00,0.0,10.0
2024-10-21 12:31:20+00:00,0.0,-67.0
2024-10-21 12:31:22+00:00,0.0,10.0
2024-10-21 12:31:27+00:00,0.0,0.0
2024-10-21 12:31:31+00:00,5.0,5.0
2024-10-21 12:31:33+00:00,0.0,5.0
2024-10-21 12:31:36+00:00,0.0,5.0
2024-10-21 12:31:38+00:00,0.0,5.0
2024-10-21 12:31:39+00:00,0.0,5.0
2024-10-21 12:31:40+00:00,0.0,5.0
2024-10-21 12:31:41+00:00,0.0,0.0
2024-10-21 12:31:45+00:00,5.0,5.0
2024-10-21 12:31:48+00:00,-15.0,-10.0
2024-10-21 12:31:49+00:00,0.0,-10.0
2024-10-21 12:31:51+00:00,0.0,-10.0
2024-10-21 12:31:52+00:00,0.0,-10.0
2024-10-21 12:31:55+00:00,-193.0,-208.0
2024-10-21 12:32:04+00:00,0.0,-193.0
2024-10-21 12:32:05+00:00,40.0,40.0
2024-10-21 12:32:06+00:00,0.0,40.0
2024-10-21 12:32:07+00:00,0.0,40.0
2024-10-21 12:32:08+00:00,0.0,40.0
2024-10-21 12:32:11+00:00,-5.0,35.0
2024-10-21 12:32:14+00:00,10.0,45.0
2024-10-21 12:32:18+00:00,-38.0,-33.0
2024-10-21 12:32:20+00:00,0.0,-33.0
2024-10-21 12:32:23+00:00,0.0,-28.0
2024-10-21 12:32:27+00:00,35.0,-3.0
2024-10-21 12:32:35+00:00,95.0,130.0
2024-10-21 12:32:37+00:00,0.0,95.0
2024-10-21 12:32:38+00:00,400.0,495.0
2024-10-21 12:32:48+00:00,400.0,400.0
2024-10-21 12:32:55+00:00,0.0,400.0
2024-10-21 12:33:01+00:00,5.0,5.0
2024-10-21 12:33:05+00:00,19.0,24.0
2024-10-21 12:33:06+00:00,36.0,60.0
2024-10-21 12:33:07+00:00,0.0,60.0
2024-10-21 12:33:09+00:00,2.0,62.0
2024-10-21 12:33:12+00:00,0.0,57.0
2024-10-21 12:33:14+00:00,0.0,57.0
2024-10-21 12:33:15+00:00,0.0,38.0
2024-10-21 12:33:21+00:00,0.0,0.0
2024-10-21 12:33:22+00:00,0.0,0.0
2024-10-21 12:33:24+00:00,0.0,0.0
2024-10-21 12:33:26+00:00,0.0,0.0
2024-10-21 12:33:28+00:00,0.0,0.0
2024-10-21 12:33:29+00:00,0.0,0.0
2024-10-21 12:33:36+00:00,0.0,0.0
2024-10-21 12:33:39+00:00,-1.0,-1.0
2024-10-21 12:33:41+00:00,0.0,-1.0
2024-10-21 12:33:48+00:00,15.0,14.0
2024-10-21 12:33:49+00:00,3.0,18.0
2024-10-21 12:33:50+00:00,0.0,18.0
2024-10-21 12:33:51+00:00,0.0,18.0
2024-10-21 12:33:52+00:00,-2.0,16.0
2024-10-21 12:33:53+00:00,0.0,16.0
2024-10-21 12:33:56+00:00,0.0,16.0
2024-10-21 12:33:59+00:00,0.0,-2.0
2024-10-21 12:34:02+00:00,-1.0,-1.0
2024-10-21 12:34:04+00:00,-201.0,-202.0
2024-10-21 12:34:06+00:00,0.0,-202.0
2024-10-21 12:34:11+00:00,0.0,-202.0
2024-10-21 12:34:13+00:00,200.0,-1.0
2024-10-21 12:34:14+00:00,0.0,200.0
2024-10-21 12:34:18+00:00,200.0,400.0
2024-10-21 12:34:21+00:00,0.0,400.0
2024-10-21 12:34:24+00:00,0.0,200.0
2024-10-21 12:34:26+00:00,0.0,200.0
2024-10-21 12:34:28+00:00,0.0,0.0
2024-10-21 12:34:31+00:00,0.0,0.0
2024-10-21 12:34:33+00:00,200.0,200.0
2024-10-21 12:34:35+00:00,-200.0,0.0
2024-10-21 12:34:37+00:00,200.0,200.0
2024-10-21 12:34:38+00:00,0.0,200.0
2024-10-21 12:34:39+00:00,0.0,200.0
2024-10-21 12:34:40+00:00,-100.0,100.0
2024-10-21 12:34:42+00:00,-200.0,-100.0
2024-10-21 12:34:44+00:00,7.0,-293.0
2024-10-21 12:34:51+00:00,35.0,-158.0
2024-10-21 12:34:54+00:00,0.0,35.0
2024-10-21 12:34:56+00:00,-7.0,28.0
2024-10-21 12:35:01+00:00,0.0,-7.0
2024-10-21 12:35:04+00:00,0.0,-7.0
2024-10-21 12:35:06+00:00,7.0,7.0
2024-10-21 12:35:10+00:00,-35.0,-28.0
2024-10-21 12:35:11+00:00,0.0,-28.0
2024-10-21 12:35:12+00:00,0.0,-28.0
2024-10-21 12:35:13+00:00,-7.0,-35.0
2024-10-21 12:35:18+00:00,0.0,-42.0
2024-10-21 12:35:20+00:00,7.0,0.0
2024-10-21 12:35:22+00:00,0.0,0.0
2024-10-21 12:35:23+00:00,0.0,7.0
2024-10-21 12:35:24+00:00,93.0,100.0
2024-10-21 12:35:39+00:00,-100.0,-100.0
2024-10-21 12:35:46+00:00,0.0,-100.0
2024-10-21 12:35:48+00:00,0.0,-100.0
2024-10-21 12:35:50+00:00,0.0,0.0
2024-10-21 12:35:54+00:00,4.0,4.0
2024-10-21 12:35:56+00:00,0.0,4.0
2024-10-21 12:35:59+00:00,-200.0,-196.0
2024-10-21 12:36:00+00:00,0.0,-196.0
2024-10-21 12:36:02+00:00,0.0,-196.0
2024-10-21 12:36:07+00:00,0.0,-200.0
2024-10-21 12:36:09+00:00,-200.0,-200.0
2024-10-21 12:36:10+00:00,4.0,-196.0
2024-10-21 12:36:43+00:00,0.0,0.0
2024-10-21 12:36:50+00:00,0.0,0.0
2024-10-21 12:36:53+00:00,100.0,100.0
2024-10-21 12:36:54+00:00,0.0,100.0
2024-10-21 12:36:56+00:00,0.0,100.0
2024-10-21 12:36:57+00:00,0.0,100.0
2024-10-21 12:36:58+00:00,0.0,100.0
2024-10-21 12:37:00+00:00,0.0,100.0
2024-10-21 12:37:01+00:00,-48.0,52.0
2024-10-21 12:37:02+00:00,0.0,52.0
2024-10-21 12:37:05+00:00,2.0,-46.0
2024-10-21 12:37:09+00:00,0.0,-46.0
2024-10-21 12:37:10+00:00,0.0,-46.0
2024-10-21 12:37:17+00:00,0.0,0.0
2024-10-21 12:37:19+00:00,0.0,0.0
2024-10-21 12:37:24+00:00,0.0,0.0
2024-10-21 12:37:25+00:00,0.0,0.0
2024-10-21 12:37:27+00:00,0.0,0.0
2024-10-21 12:37:36+00:00,0.0,0.0
2024-10-21 12:37:38+00:00,0.0,0.0
2024-10-21 12:37:39+00:00,0.0,0.0
2024-10-21 12:37:42+00:00,0.0,0.0
2024-10-21 12:37:47+00:00,-50.0,-50.0
2024-10-21 12:37:48+00:00,24.0,-26.0
2024-10-21 12:37:49+00:00,0.0,-26.0
2024-10-21 12:37:50+00:00,0.0,-26.0
2024-10-21 12:37:51+00:00,0.0,-26.0
2024-10-21 12:37:54+00:00,0.0,-26.0
2024-10-21 12:37:57+00:00,0.0,24.0
2024-10-21 12:38:00+00:00,0.0,0.0
2024-10-21 12:38:01+00:00,1.0,1.0
2024-10-21 12:38:02+00:00,0.0,1.0
2024-10-21 12:38:13+00:00,3.0,3.0
2024-10-21 12:38:18+00:00,0.0,3.0
2024-10-21 12:38:20+00:00,127.0,130.0
2024-10-21 12:38:21+00:00,0.0,130.0
2024-10-21 12:38:22+00:00,0.0,130.0
2024-10-21 12:38:24+00:00,0.0,127.0
2024-10-21 12:38:27+00:00,0.0,127.0
2024-10-21 12:38:28+00:00,40.0,167.0
2024-10-21 12:38:30+00:00,0.0,40.0
2024-10-21 12:38:31+00:00,0.0,40.0
2024-10-21 12:38:32+00:00,0.0,40.0
2024-10-21 12:38:33+00:00,-21.0,19.0
2024-10-21 12:38:34+00:00,11.0,30.0
2024-10-21 12:38:36+00:00,2.0,32.0
2024-10-21 12:38:38+00:00,0.0,-8.0
2024-10-21 12:38:41+00:00,0.0,-8.0
2024-10-21 12:38:53+00:00,12.0,12.0
2024-10-21 12:38:54+00:00,0.0,12.0
2024-10-21 12:38:57+00:00,0.0,12.0
2024-10-21 12:39:00+00:00,0.0,12.0
2024-10-21 12:39:05+00:00,-10.0,-10.0
2024-10-21 12:39:06+00:00,47.0,37.0
2024-10-21 12:39:13+00:00,0.0,37.0
2024-10-21 12:39:17+00:00,0.0,0.0
2024-10-21 12:39:18+00:00,0.0,0.0
2024-10-21 12:39:20+00:00,0.0,0.0
2024-10-21 12:39:30+00:00,-2.0,-2.0
2024-10-21 12:39:33+00:00,0.0,-2.0
2024-10-21 12:39:34+00:00,0.0,-2.0
2024-10-21 12:39:39+00:00,0.0,-2.0
2024-10-21 12:39:42+00:00,0.0,0.0
2024-10-21 12:40:00+00:00,0.0,0.0
2024-10-21 12:40:02+00:00,-69.0,-69.0
2024-10-21 12:40:06+00:00,0.0,-69.0
2024-10-21 12:40:16+00:00,200.0,200.0
2024-10-21 12:40:17+00:00,2.0,202.0
2024-10-21 12:40:21+00:00,0.0,202.0
2024-10-21 12:40:23+00:00,-100.0,102.0
2024-10-21 12:40:26+00:00,-100.0,-198.0
2024-10-21 12:40:29+00:00,98.0,-102.0
2024-10-21 12:40:30+00:00,-2.0,-104.0
2024-10-21 12:40:37+00:00,4.0,100.0
2024-10-21 12:40:40+00:00,5.0,9.0
2024-10-21 12:40:41+00:00,0.0,9.0
2024-10-21 12:40:43+00:00,0.0,9.0
2024-10-21 12:40:45+00:00,0.0,9.0
2024-10-21 12:40:46+00:00,0.0,9.0
2024-10-21 12:40:48+00:00,0.0,5.0
2024-10-21 12:40:49+00:00,0.0,5.0
2024-10-21 12:40:51+00:00,0.0,0.0
2024-10-21 12:40:53+00:00,0.0,0.0
2024-10-21 12:40:54+00:00,0.0,0.0
2024-10-21 12:40:56+00:00,0.0,0.0
2024-10-21 12:41:00+00:00,0.0,0.0
2024-10-21 12:41:02+00:00,95.0,95.0
2024-10-21 12:41:07+00:00,0.0,95.0
2024-10-21 12:41:24+00:00,0.0,0.0
2024-10-21 12:41:33+00:00,0.0,0.0
2024-10-21 12:41:36+00:00,0.0,0.0
2024-10-21 12:41:37+00:00,-100.0,-100.0
2024-10-21 12:41:39+00:00,0.0,-100.0
2024-10-21 12:41:40+00:00,0.0,-100.0
2024-10-21 12:41:44+00:00,0.0,-100.0
2024-10-21 12:41:47+00:00,0.0,0.0
2024-10-21 12:41:49+00:00,154.0,154.0
2024-10-21 12:41:50+00:00,-100.0,54.0
2024-10-21 12:41:54+00:00,0.0,54.0
2024-10-21 12:42:00+00:00,0.0,0.0
2024-10-21 12:42:01+00:00,0.0,0.0
2024-10-21 12:42:06+00:00,0.0,0.0
2024-10-21 12:42:10+00:00,0.0,0.0
2024-10-21 12:42:11+00:00,200.0,200.0
2024-10-21 12:42:14+00:00,0.0,200.0
2024-10-21 12:42:16+00:00,0.0,200.0
2024-10-21 12:42:19+00:00,20.0,220.0
2024-10-21 12:42:20+00:00,0.0,220.0
2024-10-21 12:42:23+00:00,100.0,120.0
2024-10-21 12:42:26+00:00,-100.0,20.0
2024-10-21 12:42:30+00:00,-19.0,-19.0
2024-10-21 12:42:31+00:00,-1.0,-20.0
2024-10-21 12:42:36+00:00,95.0,75.0
2024-10-21 12:42:38+00:00,0.0,75.0
2024-10-21 12:42:39+00:00,0.0,75.0
2024-10-21 12:42:40+00:00,0.0,94.0
2024-10-21 12:42:42+00:00,0.0,95.0
2024-10-21 12:43:00+00:00,0.0,0.0
2024-10-21 12:43:02+00:00,0.0,0.0
2024-10-21 12:43:04+00:00,0.0,0.0
2024-10-21 12:43:05+00:00,128.0,128.0
2024-10-21 12:43:06+00:00,0.0,128.0
2024-10-21 12:43:07+00:00,0.0,128.0
2024-10-21 12:43:08+00:00,0.0,128.0
2024-10-21 12:43:09+00:00,0.0,128.0
2024-10-21 12:43:12+00:00,0.0,128.0
2024-10-21 12:43:13+00:00,0.0,128.0
2024-10-21 12:43:18+00:00,0.0,0.0
2024-10-21 12:43:19+00:00,200.0,200.0
2024-10-21 12:43:27+00:00,-50.0,150.0
2024-10-21 12:43:28+00:00,0.0,150.0
2024-10-21 12:43:29+00:00,0.0,-50.0
2024-10-21 12:43:30+00:00,0.0,-50.0
2024-10-21 12:43:31+00:00,0.0,-50.0
2024-10-21 12:43:32+00:00,-135.0,-185.0
2024-10-21 12:43:33+00:00,0.0,-185.0
2024-10-21 12:43:48+00:00,-65.0,-65.0
2024-10-21 12:43:49+00:00,0.0,-65.0
2024-10-21 12:43:54+00:00,0.0,-65.0
2024-10-21 12:43:59+00:00,135.0,135.0
2024-10-21 12:44:00+00:00,0.0,135.0
2024-10-21 12:44:01+00:00,10.0,145.0
2024-10-21 12:44:03+00:00,0.0,145.0
2024-10-21 12:44:10+00:00,80.0,90.0
2024-10-21 12:44:22+00:00,1.0,1.0
2024-10-21 12:44:24+00:00,-90.0,-89.0
2024-10-21 12:44:29+00:00,0.0,-89.0
2024-10-21 12:44:37+00:00,98.0,98.0
2024-10-21 12:44:43+00:00,0.0,98.0
2024-10-21 12:44:44+00:00,0.0,98.0
2024-10-21 12:44:49+00:00,0.0,0.0
2024-10-21 12:44:56+00:00,-100.0,-100.0
2024-10-21 12:44:59+00:00,10.0,-90.0
2024-10-21 12:45:00+00:00,-24.0,-114.0
2024-10-21 12:45:01+00:00,-200.0,-314.0
2024-10-21 12:45:03+00:00,0.0,-314.0
2024-10-21 12:45:04+00:00,15.0,-299.0
2024-10-21 12:45:07+00:00,60.0,-139.0
2024-10-21 12:45:08+00:00,-60.0,-199.0
2024-10-21 12:45:09+00:00,0.0,-209.0
2024-10-21 12:45:10+00:00,0.0,-185.0
2024-10-21 12:45:11+00:00,0.0,15.0
2024-10-21 12:45:16+00:00,0.0,0.0
2024-10-21 12:45:17+00:00,0.0,-60.0
2024-10-21 12:45:39+00:00,0.0,0.0
2024-10-21 12:45:40+00:00,0.0,0.0
2024-10-21 12:45:41+00:00,-200.0,-200.0
2024-10-21 12:45:42+00:00,0.0,-200.0
2024-10-21 12:45:46+00:00,0.0,-200.0
2024-10-21 12:46:00+00:00,0.0,0.0
2024-10-21 12:46:01+00:00,0.0,0.0
2024-10-21 12:46:10+00:00,0.0,0.0
2024-10-21 12:46:12+00:00,21.0,21.0
2024-10-21 12:46:16+00:00,0.0,21.0
2024-10-21 12:46:19+00:00,-21.0,0.0
2024-10-21 12:46:23+00:00,0.0,-21.0
2024-10-21 12:46:25+00:00,0.0,-21.0
2024-10-21 12:46:26+00:00,200.0,179.0
2024-10-21 12:46:30+00:00,1.0,201.0
2024-10-21 12:46:36+00:00,2.0,3.0
2024-10-21 12:46:40+00:00,0.0,2.0
2024-10-21 12:46:42+00:00,0.0,2.0
2024-10-21 12:46:46+00:00,0.0,0.0
2024-10-21 12:46:52+00:00,0.0,0.0
2024-10-21 12:47:00+00:00,0.0,0.0
2024-10-21 12:47:02+00:00,0.0,0.0
2024-10-21 12:47:08+00:00,-83.0,-83.0
2024-10-21 12:47:09+00:00,0.0,-83.0
2024-10-21 12:47:10+00:00,0.0,-83.0
2024-10-21 12:47:11+00:00,0.0,-83.0
2024-10-21 12:47:15+00:00,0.0,-83.0
2024-10-21 12:47:19+00:00,-17.0,-17.0
2024-10-21 12:47:25+00:00,-1.0,-18.0
2024-10-21 12:47:26+00:00,2.0,-16.0
2024-10-21 12:47:27+00:00,0.0,-16.0
2024-10-21 12:47:29+00:00,-200.0,-199.0
2024-10-21 12:47:30+00:00,0.0,-199.0
2024-10-21 12:47:34+00:00,0.0,-199.0
2024-10-21 12:47:37+00:00,0.0,-200.0
2024-10-21 12:47:38+00:00,0.0,-200.0
2024-10-21 12:47:40+00:00,0.0,0.0
2024-10-21 12:48:06+00:00,0.0,0.0
2024-10-21 12:48:08+00:00,128.0,128.0
2024-10-21 12:48:09+00:00,0.0,128.0
2024-10-21 12:48:12+00:00,-100.0,28.0
2024-10-21 12:48:13+00:00,0.0,28.0
2024-10-21 12:48:16+00:00,0.0,28.0
2024-10-21 12:48:19+00:00,28.0,-72.0
2024-10-21 12:48:20+00:00,10.0,-62.0
2024-10-21 12:48:21+00:00,0.0,-62.0
2024-10-21 12:48:26+00:00,2.0,40.0
2024-10-21 12:48:27+00:00,0.0,40.0
2024-10-21 12:48:28+00:00,0.0,40.0
2024-10-21 12:48:30+00:00,0.0,2.0
2024-10-21 12:48:32+00:00,-28.0,-26.0
2024-10-21 12:48:33+00:00,0.0,-26.0
2024-10-21 12:48:36+00:00,0.0,-28.0
2024-10-21 12:48:37+00:00,0.0,-28.0
2024-10-21 12:48:38+00:00,0.0,-28.0
2024-10-21 12:48:40+00:00,0.0,-28.0
2024-10-21 12:48:43+00:00,0.0,0.0
2024-10-21 12:48:45+00:00,0.0,0.0
2024-10-21 12:48:46+00:00,0.0,0.0
2024-10-21 12:48:59+00:00,-28.0,-28.0
2024-10-21 12:49:03+00:00,0.0,-28.0
2024-10-21 12:49:07+00:00,0.0,-28.0
2024-10-21 12:49:08+00:00,0.0,-28.0
2024-10-21 12:49:09+00:00,0.0,0.0
2024-10-21 12:49:10+00:00,40.0,40.0
2024-10-21 12:49:11+00:00,0.0,40.0
2024-10-21 12:49:13+00:00,0.0,40.0
2024-10-21 12:49:14+00:00,0.0,40.0
2024-10-21 12:49:16+00:00,0.0,40.0
2024-10-21 12:49:17+00:00,0.0,40.0
2024-10-21 12:49:20+00:00,0.0,0.0
2024-10-21 12:49:27+00:00,0.0,0.0
2024-10-21 12:49:28+00:00,-128.0,-128.0
2024-10-21 12:49:31+00:00,0.0,-128.0
2024-10-21 12:49:38+00:00,0.0,0.0
2024-10-21 12:49:39+00:00,-41.0,-41.0
2024-10-21 12:49:43+00:00,0.0,-41.0
2024-10-21 12:49:46+00:00,5.0,-36.0
2024-10-21 12:49:47+00:00,-7.0,-43.0
2024-10-21 12:49:48+00:00,-400.0,-443.0
2024-10-21 12:49:49+00:00,-197.0,-599.0
2024-10-21 12:49:58+00:00,-3.0,-200.0
2024-10-21 12:50:00+00:00,0.0,-3.0
2024-10-21 12:50:02+00:00,0.0,-3.0
2024-10-21 12:50:08+00:00,100.0,100.0
2024-10-21 12:50:09+00:00,0.0,100.0
2024-10-21 12:50:11+00:00,0.0,100.0
2024-10-21 12:50:12+00:00,100.0,200.0
2024-10-21 12:50:14+00:00,0.0,200.0
2024-10-21 12:50:15+00:00,40.0,240.0
2024-10-21 12:50:16+00:00,0.0,240.0
2024-10-21 12:50:17+00:00,-20.0,220.0
2024-10-21 12:50:19+00:00,0.0,120.0
2024-10-21 12:50:20+00:00,0.0,120.0
2024-10-21 12:50:22+00:00,0.0,20.0
2024-10-21 12:50:23+00:00,100.0,120.0
2024-10-21 12:50:27+00:00,0.0,100.0
2024-10-21 12:50:30+00:00,100.0,200.0
2024-10-21 12:50:36+00:00,0.0,100.0
2024-10-21 12:50:45+00:00,0.0,0.0
2024-10-21 12:50:49+00:00,0.0,0.0
2024-10-21 12:50:54+00:00,100.0,100.0
2024-10-21 12:50:55+00:00,0.0,100.0
2024-10-21 12:50:58+00:00,100.0,200.0
2024-10-21 12:51:00+00:00,0.0,200.0
2024-10-21 12:51:01+00:00,100.0,300.0
2024-10-21 12:51:03+00:00,0.0,300.0
2024-10-21 12:51:10+00:00,100.0,200.0
2024-10-21 12:51:13+00:00,0.0,100.0
2024-10-21 12:51:17+00:00,-20.0,80.0
2024-10-21 12:51:18+00:00,0.0,80.0
2024-10-21 12:51:22+00:00,100.0,80.0
2024-10-21 12:51:23+00:00,0.0,80.0
2024-10-21 12:51:25+00:00,100.0,180.0
2024-10-21 12:51:26+00:00,0.0,180.0
2024-10-21 12:51:32+00:00,100.0,200.0
2024-10-21 12:51:37+00:00,100.0,200.0
2024-10-21 12:51:39+00:00,0.0,200.0
2024-10-21 12:51:41+00:00,0.0,200.0
2024-10-21 12:51:44+00:00,0.0,100.0
2024-10-21 12:51:45+00:00,-44.0,56.0
2024-10-21 12:51:47+00:00,0.0,-44.0
2024-10-21 12:51:48+00:00,0.0,-44.0
2024-10-21 12:51:49+00:00,-54.0,-98.0
2024-10-21 12:51:53+00:00,140.0,42.0
2024-10-21 12:51:57+00:00,0.0,86.0
2024-10-21 12:52:06+00:00,0.0,0.0
2024-10-21 12:52:14+00:00,0.0,0.0
2024-10-21 12:52:18+00:00,-142.0,-142.0
2024-10-21 12:52:20+00:00,4.0,-138.0
2024-10-21 12:52:21+00:00,0.0,-138.0
2024-10-21 12:52:28+00:00,28.0,32.0
2024-10-21 12:52:29+00:00,0.0,32.0
2024-10-21 12:52:32+00:00,-21.0,7.0
2024-10-21 12:52:40+00:00,0.0,-21.0
2024-10-21 12:52:52+00:00,16.0,16.0
2024-10-21 12:52:54+00:00,-151.0,-135.0
2024-10-21 12:52:57+00:00,-5.0,-140.0
2024-10-21 12:52:59+00:00,400.0,260.0
2024-10-21 12:53:00+00:00,0.0,260.0
2024-10-21 12:53:02+00:00,400.0,644.0
2024-10-21 12:53:11+00:00,-400.0,0.0
2024-10-21 12:53:26+00:00,99.0,99.0
2024-10-21 12:53:28+00:00,0.0,99.0
2024-10-21 12:53:35+00:00,0.0,99.0
2024-10-21 12:53:38+00:00,0.0,0.0
2024-10-21 12:53:42+00:00,0.0,0.0
2024-10-21 12:53:43+00:00,8.0,8.0
2024-10-21 12:53:58+00:00,0.0,0.0
2024-10-21 12:54:00+00:00,0.0,0.0
2024-10-21 12:54:01+00:00,0.0,0.0
2024-10-21 12:54:05+00:00,-11.0,-11.0
2024-10-21 12:54:15+00:00,0.0,0.0
2024-10-21 12:54:23+00:00,11.0,11.0
2024-10-21 12:54:28+00:00,0.0,11.0
2024-10-21 12:54:33+00:00,3.0,3.0
2024-10-21 12:54:41+00:00,25.0,28.0
2024-10-21 12:54:42+00:00,0.0,28.0
2024-10-21 12:54:55+00:00,-25.0,-25.0
2024-10-21 12:54:57+00:00,25.0,0.0
2024-10-21 12:54:58+00:00,0.0,0.0
2024-10-21 12:55:04+00:00,0.0,0.0
2024-10-21 12:55:05+00:00,375.0,400.0
2024-10-21 12:55:07+00:00,11.0,386.0
2024-10-21 12:55:09+00:00,-11.0,375.0
2024-10-21 12:55:12+00:00,400.0,775.0
2024-10-21 12:55:13+00:00,0.0,775.0
2024-10-21 12:55:15+00:00,-11.0,389.0
2024-10-21 12:55:16+00:00,400.0,789.0
2024-10-21 12:55:17+00:00,0.0,778.0
2024-10-21 12:55:20+00:00,0.0,789.0
2024-10-21 12:55:22+00:00,400.0,789.0
2024-10-21 12:55:23+00:00,200.0,989.0
2024-10-21 12:55:24+00:00,0.0,989.0
2024-10-21 12:55:26+00:00,0.0,600.0
2024-10-21 12:55:37+00:00,0.0,0.0
2024-10-21 12:55:42+00:00,0.0,0.0
2024-10-21 12:55:43+00:00,0.0,0.0
2024-10-21 12:55:44+00:00,0.0,0.0
2024-10-21 12:55:49+00:00,4.0,4.0
2024-10-21 12:55:51+00:00,21.0,25.0
2024-10-21 12:56:02+00:00,0.0,0.0
2024-10-21 12:56:03+00:00,0.0,0.0
2024-10-21 12:56:07+00:00,0.0,0.0
2024-10-21 12:56:08+00:00,0.0,0.0
2024-10-21 12:56:09+00:00,0.0,0.0
2024-10-21 12:56:22+00:00,9.0,9.0
2024-10-21 12:56:28+00:00,0.0,9.0
2024-10-21 12:56:29+00:00,0.0,9.0
2024-10-21 12:56:43+00:00,-25.0,-25.0
2024-10-21 12:56:49+00:00,148.0,123.0
2024-10-21 12:56:52+00:00,0.0,123.0
2024-10-21 12:56:53+00:00,0.0,148.0
2024-10-21 12:56:54+00:00,0.0,148.0
2024-10-21 12:56:55+00:00,4.0,152.0
2024-10-21 12:56:56+00:00,0.0,152.0
2024-10-21 12:56:57+00:00,6.0,158.0
2024-10-21 12:57:02+00:00,-9.0,1.0
2024-10-21 12:57:07+00:00,0.0,-9.0
2024-10-21 12:57:11+00:00,0.0,-9.0
2024-10-21 12:57:28+00:00,0.0,0.0
2024-10-21 12:57:30+00:00,0.0,0.0
2024-10-21 12:57:31+00:00,0.0,0.0
2024-10-21 12:57:32+00:00,0.0,0.0
2024-10-21 12:57:34+00:00,0.0,0.0
2024-10-21 12:57:35+00:00,0.0,0.0
2024-10-21 12:57:36+00:00,22.0,22.0
2024-10-21 12:57:37+00:00,0.0,22.0
2024-10-21 12:57:43+00:00,0.0,22.0
2024-10-21 12:57:48+00:00,0.0,0.0
2024-10-21 12:58:02+00:00,-6.0,-6.0
2024-10-21 12:58:03+00:00,0.0,-6.0
2024-10-21 12:58:04+00:00,0.0,-6.0
2024-10-21 12:58:07+00:00,0.0,-6.0
2024-10-21 12:58:10+00:00,-30.0,-36.0
2024-10-21 12:58:11+00:00,0.0,-36.0
2024-10-21 12:58:13+00:00,0.0,-30.0
2024-10-21 12:58:15+00:00,0.0,-30.0
2024-10-21 12:58:16+00:00,0.0,-30.0
2024-10-21 12:58:20+00:00,0.0,0.0
2024-10-21 12:58:25+00:00,100.0,100.0
2024-10-21 12:58:38+00:00,100.0,100.0
2024-10-21 12:58:39+00:00,0.0,100.0
2024-10-21 12:58:44+00:00,0.0,100.0
2024-10-21 12:58:53+00:00,0.0,0.0
2024-10-21 12:58:54+00:00,0.0,0.0
2024-10-21 12:58:56+00:00,6.0,6.0
2024-10-21 12:58:57+00:00,94.0,100.0
2024-10-21 12:58:59+00:00,-98.0,2.0
2024-10-21 12:59:00+00:00,0.0,2.0
2024-10-21 12:59:01+00:00,0.0,2.0
2024-10-21 12:59:02+00:00,0.0,2.0
2024-10-21 12:59:18+00:00,0.0,0.0
2024-10-21 12:59:29+00:00,98.0,98.0
2024-10-21 12:59:34+00:00,0.0,98.0
2024-10-21 12:59:41+00:00,151.0,151.0
2024-10-21 12:59:58+00:00,0.0,0.0
2024-10-21 13:00:00+00:00,0.0,0.0
2024-10-21 13:00:02+00:00,0.0,0.0
2024-10-21 13:00:04+00:00,0.0,0.0
2024-10-21 13:00:05+00:00,0.0,0.0
2024-10-21 13:00:07+00:00,0.0,0.0
2024-10-21 13:00:08+00:00,0.0,0.0
2024-10-21 13:00:12+00:00,0.0,0.0
2024-10-21 13:00:21+00:00,0.0,0.0
2024-10-21 13:00:22+00:00,100.0,100.0
2024-10-21 13:00:23+00:00,0.0,100.0
2024-10-21 13:00:24+00:00,-98.0,2.0
2024-10-21 13:00:37+00:00,100.0,100.0
2024-10-21 13:00:39+00:00,-98.0,2.0
2024-10-21 13:00:41+00:00,0.0,2.0
2024-10-21 13:00:47+00:00,-51.0,-149.0
2024-10-21 13:00:48+00:00,84.0,-65.0
2024-10-21 13:00:49+00:00,116.0,149.0
2024-10-21 13:00:54+00:00,0.0,149.0
2024-10-21 13:00:59+00:00,0.0,0.0
2024-10-21 13:01:00+00:00,0.0,0.0
2024-10-21 13:01:02+00:00,0.0,0.0
2024-10-21 13:01:05+00:00,81.0,81.0
2024-10-21 13:01:06+00:00,100.0,181.0
2024-10-21 13:01:07+00:00,0.0,181.0
2024-10-21 13:01:08+00:00,0.0,181.0
2024-10-21 13:01:13+00:00,81.0,262.0
2024-10-21 13:01:14+00:00,81.0,343.0
2024-10-21 13:01:15+00:00,0.0,262.0
2024-10-21 13:01:22+00:00,0.0,162.0
2024-10-21 13:01:31+00:00,0.0,0.0
2024-10-21 13:01:36+00:00,0.0,0.0
2024-10-21 13:01:38+00:00,0.0,0.0
2024-10-21 13:01:41+00:00,0.0,0.0
2024-10-21 13:01:43+00:00,100.0,100.0
2024-10-21 13:01:45+00:00,-10.0,90.0
2024-10-21 13:01:46+00:00,0.0,90.0
2024-10-21 13:01:53+00:00,-5.0,-15.0
2024-10-21 13:01:54+00:00,81.0,66.0
2024-10-21 13:01:55+00:00,100.0,176.0
2024-10-21 13:01:56+00:00,0.0,176.0
2024-10-21 13:01:57+00:00,0.0,176.0
2024-10-21 13:01:58+00:00,0.0,176.0
2024-10-21 13:01:59+00:00,0.0,176.0
2024-10-21 13:02:00+00:00,195.0,371.0
2024-10-21 13:02:01+00:00,200.0,571.0
2024-10-21 13:02:03+00:00,0.0,576.0
2024-10-21 13:02:04+00:00,-540.0,-45.0
2024-10-21 13:02:05+00:00,-179.0,-324.0
2024-10-21 13:02:06+00:00,99.0,-225.0
2024-10-21 13:02:07+00:00,0.0,-225.0
2024-10-21 13:02:13+00:00,0.0,-620.0
2024-10-21 13:02:14+00:00,-99.0,-179.0
2024-10-21 13:02:16+00:00,0.0,-99.0
2024-10-21 13:02:17+00:00,199.0,100.0
2024-10-21 13:02:19+00:00,-198.0,-98.0
2024-10-21 13:02:20+00:00,82.0,-16.0
2024-10-21 13:02:21+00:00,118.0,102.0
2024-10-21 13:02:22+00:00,-195.0,-93.0
2024-10-21 13:02:26+00:00,0.0,6.0
2024-10-21 13:02:27+00:00,194.0,1.0
2024-10-21 13:02:29+00:00,-100.0,99.0
2024-10-21 13:02:38+00:00,95.0,-5.0
2024-10-21 13:02:39+00:00,0.0,95.0
2024-10-21 13:02:41+00:00,-98.0,-3.0
2024-10-21 13:02:42+00:00,0.0,-3.0
2024-10-21 13:02:43+00:00,0.0,-3.0
2024-10-21 13:02:44+00:00,0.0,-3.0
2024-10-21 13:02:45+00:00,-102.0,-105.0
2024-10-21 13:02:54+00:00,100.0,-2.0
2024-10-21 13:02:57+00:00,2.0,102.0
2024-10-21 13:03:00+00:00,0.0,102.0
2024-10-21 13:03:04+00:00,0.0,2.0
2024-10-21 13:03:05+00:00,0.0,2.0
2024-10-21 13:03:06+00:00,0.0,2.0
2024-10-21 13:03:07+00:00,4.0,4.0
2024-10-21 13:03:08+00:00,0.0,4.0
2024-10-21 13:03:10+00:00,-2.0,2.0
2024-10-21 13:03:12+00:00,-2.0,0.0
2024-10-21 13:03:13+00:00,87.0,87.0
2024-10-21 13:03:14+00:00,86.0,173.0
2024-10-21 13:03:20+00:00,-80.0,91.0
2024-10-21 13:03:23+00:00,22.0,28.0
2024-10-21 13:03:24+00:00,0.0,-58.0
2024-10-21 13:03:25+00:00,0.0,-58.0
2024-10-21 13:03:36+00:00,0.0,0.0
2024-10-21 13:03:40+00:00,0.0,0.0
2024-10-21 13:03:41+00:00,0.0,0.0
2024-10-21 13:03:45+00:00,0.0,0.0
2024-10-21 13:03:48+00:00,56.0,56.0
2024-10-21 13:03:53+00:00,0.0,56.0
2024-10-21 13:03:58+00:00,-46.0,-46.0
2024-10-21 13:03:59+00:00,-38.0,-84.0
2024-10-21 13:04:00+00:00,0.0,-84.0
2024-10-21 13:04:02+00:00,20.0,-64.0
2024-10-21 13:04:03+00:00,0.0,-64.0
2024-10-21 13:04:07+00:00,0.0,-64.0
2024-10-21 13:04:12+00:00,0.0,0.0
2024-10-21 13:04:13+00:00,0.0,0.0
2024-10-21 13:04:16+00:00,3.0,3.0
2024-10-21 13:04:17+00:00,0.0,3.0
2024-10-21 13:04:20+00:00,14.0,17.0
